Phyllum;Class;Order;Family;Genus;Taxon;Mobility;Fragility;Position;Size;Feeding mode;VME;sp_vulne_ospar;Longevity;Larval development
Cnidaria;Hydrozoa;Leptothecata;Sertulariidae;Abietinaria;Abietinaria abietina;3;3;3;3;3;2;2;3;
Arthropoda;Malacostraca;Amphipoda;Melitidae;Abludomelita;Abludomelita gladiosa;1;2;1;0;1;2;2;1;3
Arthropoda;Malacostraca;Amphipoda;Melitidae;Abludomelita;Abludomelita obtusata;1;2;1;0;1;2;2;1;3
Mollusca;Bivalvia;Veneroida;Semelidae;Abra;Abra alba;2;3;1;0;1;2;2;2;1
Mollusca;Bivalvia;Veneroida;Semelidae;Abra;Abra prismatica;2;3;1;0;1;2;2;2;1
Mollusca;Cephalopoda;Oegopsida;Enoploteuthidae;Abralia;Abralia (Asteroteuthis) veranyi;0;2;3;0;1;2;2;;
Mollusca;Cephalopoda;Oegopsida;Enoploteuthidae;Abralia;Abralia veranyi;0;2;3;0;1;2;2;;
Annelida;Polychaeta;Eunicida;Lumbrineridae;Abyssoninoe;Abyssoninoe hibernica;1;0;1;2;1;2;2;;
Arthropoda;Malacostraca;Decapoda;Acanthephyridae;Acanthephyra;Acanthephyra;0;1;3;0;1;2;2;;
Arthropoda;Malacostraca;Decapoda;Acanthephyridae;Acanthephyra;Acanthephyra eximia;0;1;3;0;1;2;2;;
Arthropoda;Malacostraca;Decapoda;Acanthephyridae;Acanthephyra;Acanthephyra pelagica;0;1;3;0;1;2;2;;
Mollusca;Bivalvia;Veneroida;Cardiidae;Acanthocardia;Acanthocardia;2;0;1;2;3;2;2;4;1
Mollusca;Bivalvia;Veneroida;Cardiidae;Acanthocardia;Acanthocardia aculeata;2;0;1;2;3;2;2;4;1
Mollusca;Bivalvia;Veneroida;Cardiidae;Acanthocardia;Acanthocardia echinata;2;0;1;2;3;2;2;4;1
Mollusca;Bivalvia;Veneroida;Cardiidae;Acanthocardia;Acanthocardia spinosa;2;0;1;2;3;2;2;4;1
Mollusca;Bivalvia;Veneroida;Cardiidae;Acanthocardia;Acanthocardia tuberculata;2;0;1;2;3;2;2;4;1
Mollusca;Polyplacophora;Chitonida;Acanthochitonidae;Acanthochitona;Acanthochitona crinita;1;2;2;0;1;2;2;3;1
Mollusca;Polyplacophora;Chitonida;Acanthochitonidae;Acanthochitona;Acanthochitona fascicularis;1;2;2;0;1;2;2;3;1
Mollusca;Gastropoda;Nudibranchia;Onchidorididae;Acanthodoris;Acanthodoris pilosa;1;2;2;0;1;2;2;3;1
Arthropoda;Maxillopoda;Sessilia;Archaeobalanidae;Acasta;Acasta spongites;3;3;1;0;3;2;2;3;
Arthropoda;Malacostraca;Decapoda;Inachidae;Achaeus;Achaeus cranchii;1;2;2;0;1;2;2;3;
Arthropoda;Pycnogonida;Pantopoda;Ammotheidae;Achelia;Achelia echinata;1;2;2;0;1;2;2;;3
Echinodermata;Ophiuroidea;Ophiurida;Amphiuridae;Acrocnida;Acrocnida brachiata;2;3;1;2;3;2;2;3;1
Mollusca;Gastropoda;;Acteonidae;Acteon;Acteon tornatilis;2;1;1;0;1;2;2;1;1
Cnidaria;Anthozoa;Actiniaria;Hormathiidae;Actinauge;Actinauge;3;2;3;3;1;2;2;;
Cnidaria;Anthozoa;Actiniaria;Hormathiidae;Actinauge;Actinauge richardi;3;2;3;3;1;2;2;;
Cnidaria;Anthozoa;Actiniaria;Actiniidae;Actinia;Actinia equina;3;2;3;3;1;2;2;4;
Cnidaria;Anthozoa;Actiniaria;Actiniidae;Actinia;Actinia fragacea;3;2;3;3;1;2;2;4;
Cnidaria;Anthozoa;Actiniaria;;;Actiniaria;3;2;2;3;1;2;2;4;
Cnidaria;Anthozoa;Actiniaria;Actiniidae;;Actiniidae;3;2;3;3;1;2;2;4;
Cnidaria;Anthozoa;Actiniaria;Hormathiidae;Adamsia;Adamsia carciniopados;3;2;3;3;1;2;2;;1
Cnidaria;Anthozoa;Actiniaria;Hormathiidae;Adamsia;Adamsia palliata;1;2;2;0;1;2;2;;1
Porifera;Demospongiae;Hadromerida;Hemiasterellidae;Adreus;Adreus;3;3;3;3;3;2;2;;
Porifera;Demospongiae;Hadromerida;Hemiasterellidae;Adreus;Adreus fascicularis;3;3;3;3;3;2;2;;
Arthropoda;Malacostraca;Decapoda;Crangonidae;Aegaeon;Aegaeon;0;2;3;0;1;2;2;;
Arthropoda;Malacostraca;Decapoda;Crangonidae;Aegaeon;Aegaeon cataphractus;0;2;3;0;1;2;2;;
Arthropoda;Malacostraca;Decapoda;Crangonidae;Aegaeon;Aegaeon lacazei;0;2;3;0;1;2;2;;
Mollusca;Gastropoda;Nudibranchia;Aeolidiidae;Aeolidia;Aeolidia papillosa;1;2;2;2;1;2;2;1;1
Mollusca;Gastropoda;Nudibranchia;Aeolidiidae;Aeolidiella;Aeolidiella;1;2;2;2;1;2;2;1;1
Mollusca;Bivalvia;Pectinoida;Pectinidae;Aequipecten;Aequipecten opercularis;0;1;2;2;3;2;2;3;1
Mollusca;Gastropoda;Cephalaspidea;Aglajidae;Aglaja;Aglaja tricolorata;1;2;2;0;1;2;2;;
Annelida;Polychaeta;Phyllodocida;Nepthyidae;Aglaophamus;Aglaophamus pulcher;1;0;1;2;1;2;2;;
Cnidaria;Hydrozoa;Leptothecata;Aglaopheniidae;Aglaophenia;Aglaophenia;3;3;3;3;3;2;2;;
Cnidaria;Hydrozoa;Leptothecata;Aglaopheniidae;Aglaophenia;Aglaophenia pluma;3;3;3;3;3;2;2;;
Bryozoa;Gymnolaemata;Ctenostomatida;Alcyonidiidae;Alcyonidium;Alcyonidium;3;3;3;2;3;2;2;3;
Bryozoa;Gymnolaemata;Ctenostomatida;Alcyonidiidae;Alcyonidium;Alcyonidium diaphanum;3;3;3;2;3;2;2;3;
Bryozoa;Gymnolaemata;Ctenostomatida;Alcyonidiidae;Alcyonidium;Alcyonidium gelatinosum;3;3;3;2;3;2;2;3;
Bryozoa;Gymnolaemata;Ctenostomatida;Alcyonidiidae;Alcyonidium;Alcyonidium parasiticum;3;3;3;2;3;2;2;3;
Cnidaria;Anthozoa;Alcyonacea;Alcyoniidae;Alcyonium;Alcyonium;3;3;3;3;3;2;2;4;
Cnidaria;Anthozoa;Alcyonacea;Alcyoniidae;Alcyonium;Alcyonium digitatum;3;3;3;3;3;2;2;4;
Cnidaria;Anthozoa;Alcyonacea;Alcyoniidae;Alcyonium;Alcyonium glomeratum;3;3;3;3;3;2;2;4;
Cnidaria;Anthozoa;Alcyonacea;Alcyoniidae;Alcyonium;Alcyonium palmatum;3;3;3;3;3;4;2;4;
Mollusca;Cephalopoda;Myopsida;Loliginidae;Alloteuthis;Alloteuthis;0;2;3;3;1;2;2;;
Mollusca;Cephalopoda;Myopsida;Loliginidae;Alloteuthis;Alloteuthis media;0;2;3;3;1;2;2;;
Mollusca;Cephalopoda;Myopsida;Loliginidae;Alloteuthis;Alloteuthis subulata;0;1;3;3;1;2;2;;
Arthropoda;Malacostraca;Decapoda;Alpheidae;;Alpheidae;1;2;2;0;1;2;2;;
Arthropoda;Malacostraca;Decapoda;Alpheidae;Alpheus;Alpheus;1;2;2;0;1;2;2;;
Arthropoda;Malacostraca;Decapoda;Alpheidae;Alpheus;Alpheus glaber;1;2;2;0;1;2;2;2;1
Arthropoda;Malacostraca;Decapoda;Alpheidae;Alpheus;Alpheus macrocheles;1;2;2;0;1;2;2;;
Arthropoda;Malacostraca;Amphipoda;Ampeliscidae;Ampelisca;Ampelisca brevicornis;0;2;1;0;1;2;2;3;3
Arthropoda;Malacostraca;Amphipoda;Ampeliscidae;Ampelisca;Ampelisca diadema;0;2;1;0;1;2;2;3;3
Arthropoda;Malacostraca;Amphipoda;Ampeliscidae;Ampelisca;Ampelisca spinipes;0;2;1;0;1;2;2;;
Arthropoda;Malacostraca;Amphipoda;Ampeliscidae;Ampelisca;Ampelisca tenuicornis;0;2;1;0;1;2;2;3;3
Arthropoda;Malacostraca;Amphipoda;Ampeliscidae;Ampelisca;Ampelisca typica;0;2;1;0;1;2;2;3;3
Annelida;Polychaeta;Terebellida;Ampharetidae;Ampharete;Ampharete;2;0;1;0;1;2;2;2;3
Annelida;Polychaeta;Terebellida;Ampharetidae;Ampharete;Ampharete acutifrons;2;0;1;0;1;2;2;3;3
Annelida;Polychaeta;Terebellida;Ampharetidae;Ampharete;Ampharete lindstroemi;2;0;1;0;1;2;2;3;3
Arthropoda;Hexanauplia;Sessilia;Balanidae;Amphibalanus;Amphibalanus amphitrite;3;3;2;0;3;2;2;2;1
Annelida;Polychaeta;Terebellida;Ampharetidae;Amphicteis;Amphicteis sarsi;2;0;1;2;1;2;2;2;3
Echinodermata;Ophiuroidea;Amphilepidida;Amphiuridae;Amphipholis;Amphipholis squamata;2;3;1;0;1;2;2;;
Cnidaria;Hydrozoa;Leptothecata;Sertulariidae;Amphisbetia;Amphisbetia operculata;3;3;3;3;3;2;2;;
Annelida;Polychaeta;Terebellida;Terebellidae;Amphitrite;Amphitrite cirrata;2;0;1;2;1;2;2;3;1
Echinodermata;Ophiuroidea;Ophiurida;Amphiuridae;Amphiura;Amphiura (Ophiopeltis) securigera;1;3;1;2;1;2;2;;
Echinodermata;Ophiuroidea;Amphilepida;Amphiuridae;Amphiura;Amphiura chiajei;1;3;1;0;1;2;2;3;1
Echinodermata;Ophiuroidea;Ophiurida;Amphiuridae;Amphiura;Amphiura filiformis;2;3;1;2;3;2;2;3;1
Arthropoda;Malacostraca;Amphipoda;Ampithoidae;Ampithoe;Ampithoe rubricata;1;0;2;0;1;2;2;;
Mollusca;Bivalvia;Arcida;Arcidae;Anadara;Anadara gibbosa;2;0;1;0;3;2;2;;
Arthropoda;Malacostraca;Decapoda;Pisidae;Anamathia;Anamathia rissoana;1;2;2;2;1;2;2;2;
Arthropoda;Malacostraca;Decapoda;Paguridae;Anapagurus;Anapagurus;1;1;2;0;1;2;2;3;1
Arthropoda;Malacostraca;Decapoda;Paguridae;Anapagurus;Anapagurus chiroacanthus;1;1;2;0;1;2;2;3;1
Arthropoda;Malacostraca;Decapoda;Paguridae;Anapagurus;Anapagurus hyndmanni;1;1;2;0;1;2;2;3;1
Arthropoda;Malacostraca;Decapoda;Paguridae;Anapagurus;Anapagurus laevis;1;1;2;0;1;2;2;3;1
Mollusca;Cephalopoda;Oegopsida;Onychoteuthidae;Ancistroteuthis;Ancistroteuthis lichtensteinii;0;2;3;3;1;2;2;;
Cnidaria;Anthozoa;Actiniaria;Andresiidae;Andresia;Andresia;3;1;3;3;1;2;2;;
Arthropoda;Malacostraca;Amphipoda;Maeridae;Animoceradocus;Animoceradocus semiserratus;1;0;2;0;1;2;2;;
Annelida;;;;;Annelida;2;2;2;2;1;2;2;3;3
Mollusca;Bivalvia;Pectinoida;Anomiidae;Anomia;Anomia;3;3;2;0;3;2;2;4;
Mollusca;Bivalvia;Pectinoida;Anomiidae;Anomia;Anomia ephippium;3;3;2;0;3;2;2;4;
Mollusca;Bivalvia;Pectinoida;Anomiidae;;Anomiidae;3;3;2;0;3;2;2;4;
Echinodermata;Asteroidea;Valvatida;Asterinidae;Anseropoda;Anseropoda placenta;1;2;2;3;1;2;2;3;1
Mollusca;Scaphopoda;Dentaliida;Dentaliidae;Antalis;Antalis;2;1;0;2;1;2;2;3;1
Mollusca;Scaphopoda;Dentaliida;Dentaliidae;Antalis;Antalis entalis;2;1;0;0;1;2;2;;1
Mollusca;Scaphopoda;Dentaliida;Dentaliidae;Antalis;Antalis vulgaris;2;1;0;2;1;2;2;;
Echinodermata;Crinoidea;Comatulida;Antedonidae;Antedon;Antedon;1;3;3;3;3;2;2;;1
Echinodermata;Crinoidea;Comatulida;Antedonidae;Antedon;Antedon bifida;1;3;3;3;3;2;2;2;1
Echinodermata;Crinoidea;Comatulida;Antedonidae;Antedon;Antedon petasus;1;3;3;2;3;2;2;;1
Echinodermata;Crinoidea;Comatulida;Antedonidae;;Antedonidae;1;3;3;2;3;2;2;;
Cnidaria;Anthozoa;;;;Anthozoa;3;2;3;3;3;2;2;;
Arthropoda;Malacostraca;Isopoda;Anthuridae;Anthura;Anthura gracilis;1;1;2;0;1;2;2;2;3
Annelida;Polychaeta;Spionida;Spionidae;Aonides;Aonides oxycephala;1;0;1;2;1;2;2;2;1
;Polychaeta;Terebellida;Cirratulidae;Aphelochaeta;Aphelochaeta;1;0;1;3;1;2;2;;
Annelida;Polychaeta;Terebellida;Cirratulidae;Aphelochaeta;Aphelochaeta marioni;1;0;1;3;1;2;2;;
Annelida;Polychaeta;Phyllodocida;Aphroditidae;Aphrodita;Aphrodita aculeata;1;1;2;3;1;2;2;3;1
Chordata;Ascidiacea;Aplousobranchia;Polyclinidae;Aplidium;Aplidium;3;2;2;3;3;2;2;;
Mollusca;Gastropoda;Anaspidea;Aplysiidae;Aplysia;Aplysia;1;2;2;3;1;2;2;3;
Mollusca;Gastropoda;Anaspidea;Aplysiidae;Aplysia;Aplysia punctata;1;2;2;3;1;2;2;3;
Mollusca;Gastropoda;Anaspidea;Aplysiidae;;Aplysiidae;1;2;2;3;1;2;2;3;
Annelida;Polychaeta;Eunicida;Onuphidae;Aponuphis;Aponuphis bilineata;2;0;1;2;1;2;2;;
Annelida;Polychaeta;Eunicida;Onuphidae;Aponuphis;Aponuphis brementi;2;0;1;2;1;2;2;;
Mollusca;Gastropoda;Littorinimorpha;Aporrhaidae;;Aporrhaidae;1;0;2;0;1;2;2;3;
Mollusca;Gastropoda;Littorinimorpha;Aporrhaidae;Aporrhais;Aporrhais pespelecani;1;0;2;0;1;2;2;3;
Mollusca;Gastropoda;Littorinimorpha;Aporrhaidae;Aporrhais;Aporrhais serresianus;1;0;2;0;1;2;2;3;
Arthropoda;Malacostraca;Tanaidacea;Apseudidae;Apseudes;Apseudes grossimanus;1;3;2;0;1;2;2;;
Arthropoda;Malacostraca;Tanaidacea;Apseudidae;Apseudopsis;Apseudopsis latreillii;1;1;1;0;1;2;2;1;3
Mollusca;Gastropoda;Neogastropoda;Fasciolariidae;Aptyxis;Aptyxis syracusanus;1;0;2;0;1;2;2;;
Annelida;Polychaeta;Eunicida;Oenonidae;Arabella;Arabella iricolor;1;0;1;3;1;2;2;;
Mollusca;Bivalvia;Veneroida;Tellinidae;Arcopagia;Arcopagia balaustina;2;3;0;2;1;2;2;3;
Mollusca;Bivalvia;Veneroida;Tellinidae;Arcopagia;Arcopagia crassa;2;1;0;0;1;2;2;3;
Mollusca;Bivalvia;Cardiida;Tellinidae;Arcopella;Arcopella balaustina;2;3;0;0;1;2;2;;
Mollusca;Bivalvia;Veneroida;Arcticidae;Arctica;Arctica islandica;2;0;0;3;3;2;2;3;
Annelida;Polychaeta;;Arenicolidae;Arenicola;Arenicola marina;2;3;0;3;1;2;2;3;3
Annelida;Polychaeta;;Paraonidae;Aricidea;Aricidea (Acmira) simonae;1;0;1;3;1;2;2;;
Arthropoda;Malacostraca;Decapoda;Aristeidae;Aristaeomorpha;Aristaeomorpha foliacea;1;1;2;3;1;2;2;;
Arthropoda;Malacostraca;Decapoda;Aristeidae;Aristeus;Aristeus antennatus;1;1;2;2;1;2;2;;
Annelida;Polychaeta;;Opheliidae;Armandia;Armandia cirrhosa;1;0;1;2;3;2;2;;
Mollusca;Gastropoda;Nudibranchia;Arminidae;Armina;Armina loveni;1;2;2;0;1;2;2;;
Mollusca;Gastropoda;Nudibranchia;Arminidae;Armina;Armina maculata;1;2;2;0;1;2;2;;
Chordata;Ascidiacea;Phlebobranchia;Ascidiidae;Ascidia;Ascidia;3;1;3;3;3;2;2;3;
Chordata;Ascidiacea;Phlebobranchia;Ascidiidae;Ascidia;Ascidia conchilega;3;1;2;2;3;2;2;;
Chordata;Ascidiacea;Phlebobranchia;Ascidiidae;Ascidia;Ascidia mentula;3;1;3;3;3;2;2;3;1
Chordata;Ascidiacea;Phlebobranchia;Ascidiidae;Ascidia;Ascidia virginea;3;1;3;3;3;2;2;3;
Chordata;Ascidiacea;Phlebobranchia;Ascidiidae;Ascidiella;Ascidiella;3;2;3;2;3;2;2;3;
Chordata;Ascidiacea;Phlebobranchia;Ascidiidae;Ascidiella;Ascidiella aspersa;3;2;3;1;3;2;2;3;1
Chordata;Ascidiacea;Phlebobranchia;Ascidiidae;Ascidiella;Ascidiella scabra;3;2;3;1;3;2;2;3;
Chordata;Ascidiacea;Phlebobranchia;Ascidiidae;;Ascidiidae;3;3;3;3;3;2;2;3;1
Annelida;Polychaeta;;Scalibregmatidae;Asclerocheilus;Asclerocheilus intermedius;1;2;1;0;1;2;2;2;1
Sipuncula;Phascolosomatidea;Aspidosiphonida;Aspidosiphonidae;Aspidosiphon;Aspidosiphon (Aspidosiphon) muelleri muelleri;2;2;0;0;1;2;2;3;
Mollusca;Bivalvia;Veneroida;Astartidae;Astarte;Astarte elliptica;2;1;0;0;3;2;2;3;
Mollusca;Bivalvia;Veneroida;Astartidae;Astarte;Astarte montagui;2;1;0;0;3;2;2;3;
Mollusca;Bivalvia;Veneroida;Astartidae;Astarte;Astarte sulcata;2;1;2;0;3;2;2;3;
Echinodermata;Asteroidea;Forcipulatida;Asteriidae;Asterias;Asterias rubens;1;0;2;3;1;2;2;3;1
Echinodermata;Asteroidea;Valvatida;Asterinidae;Asterina;Asterina gibbosa;1;0;2;2;1;2;2;;
Echinodermata;Asteroidea;Paxillosida;Astropectinidae;Astropecten;Astropecten;1;1;2;3;1;2;2;3;
Echinodermata;Asteroidea;Paxillosida;Astropectinidae;Astropecten;Astropecten aranciacus;1;1;2;3;1;2;2;3;
Echinodermata;Asteroidea;Paxillosida;Astropectinidae;Astropecten;Astropecten irregularis;1;1;2;3;1;2;2;3;
Echinodermata;Asteroidea;Paxillosida;Astropectinidae;Astropecten;Astropecten irregularis pentacanthus;1;1;2;3;1;2;2;3;
Echinodermata;Ophiuroidea;Euryalida;Gorgonocephalidae;Astrospartus;Astrospartus mediterraneus;1;3;2;2;1;2;2;;
Arthropoda;Malacostraca;Decapoda;Atelecyclidae;Atelecyclus;Atelecyclus rotundatus;1;1;1;0;1;2;2;2;1
Arthropoda;Malacostraca;Decapoda;Atelecyclidae;Atelecyclus;Atelecyclus undecimdentatus;1;1;1;0;1;2;2;2;1
Arthropoda;Malacostraca;Decapoda;Alpheidae;Athanas;Athanas nitescens;1;2;2;0;1;2;2;;
Mollusca;Bivalvia;Pterioida;Pinnidae;Atrina;Atrina fragilis;2;3;0;3;3;4;2;;
Mollusca;Bivalvia;Pterioida;Pinnidae;Atrina;Atrina pectinata;2;3;0;3;3;2;2;;
Porifera;Demospongiae;Halichondrida;Axinellidae;Axinella;Axinella;3;3;3;3;3;2;2;;
Porifera;Demospongiae;Halichondrida;Axinellidae;Axinella;Axinella dissimilis;3;3;3;3;3;2;2;;
Porifera;Demospongiae;Halichondrida;Axinellidae;Axinella;Axinella infundibuliformis;3;3;3;3;3;2;2;;
Porifera;Demospongiae;Halichondrida;Axinellidae;Axinella;Axinella verrucosa;3;3;3;3;3;2;2;;
Arthropoda;Malacostraca;Decapoda;Axiidae;Axius;Axius stirynchus;2;0;0;2;1;2;2;3;
Mollusca;Bivalvia;Veneroida;Solecurtidae;Azorinus;Azorinus chamasolen;2;1;0;0;3;2;2;;
Arthropoda;Maxillopoda;Sessilia;Balanidae;;Balanidae;3;2;2;0;3;2;2;3;
Arthropoda;Maxillopoda;Sessilia;Balanidae;Balanus;Balanus;3;2;2;0;3;2;2;3;
Arthropoda;Maxillopoda;Sessilia;Balanidae;Balanus;Balanus balanus;3;2;2;0;3;2;2;3;
Arthropoda;Maxillopoda;Sessilia;Balanidae;Balanus;Balanus crenatus;3;2;2;0;3;2;2;3;
Arthropoda;Hexanauplia;Sessilia;Balanidae;Balanus;Balanus spongicola;3;3;2;0;3;2;2;;1
Mollusca;Bivalvia;Myoida;Pholadidae;Barnea;Barnea candida;2;1;0;2;3;2;2;4;
Mollusca;Bivalvia;Myoida;Pholadidae;Barnea;Barnea parva;2;1;0;2;3;2;2;4;
Arthropoda;Malacostraca;Decapoda;Macropipidae;Bathynectes;Bathynectes longipes;1;1;2;2;1;2;2;;
Arthropoda;Malacostraca;Decapoda;Macropipidae;Bathynectes;Bathynectes maravigna;1;1;2;2;1;2;2;;
Mollusca;Cephalopoda;Octopoda;Octopodidae;Bathypolypus;Bathypolypus sponsalis;0;2;2;3;1;2;2;;
Arthropoda;Malacostraca;Amphipoda;Bathyporeiidae;Bathyporeia;Bathyporeia guilliamsoniana;1;2;1;0;1;2;2;;
Arthropoda;Malacostraca;Amphipoda;Bathyporeiidae;Bathyporeia;Bathyporeia pelagica;1;2;1;0;1;2;2;2;3
Mollusca;Gastropoda;Pleurobranchomorpha;Pleurobranchidae;Berthella;Berthella plumula;1;2;2;0;1;2;2;3;
Bryozoa;Gymnolaemata;Cheilostomatida;Bugulidae;Bicellariella;Bicellariella ciliata;3;3;2;3;3;2;2;2;1
Annelida;Polychaeta;Sabellida;Sabellidae;Bispira;Bispira volutacornis;2;0;0;2;3;2;2;;
Mollusca;Bivalvia;;;;Bivalvia;2;1;2;2;1;2;2;;
Mollusca;Gastropoda;Neogastropoda;Muricidae;Bolinus;Bolinus brandaris;2;3;2;2;1;2;2;;
Cnidaria;Anthozoa;Actiniaria;Actiniidae;Bolocera;Bolocera tuediae;3;2;3;3;1;2;2;;
Echiura;Echiuroidea;Bonelliida;Bonelliidae;Bonellia;Bonellia viridis;2;1;1;2;1;2;2;;
Echiura;Echiuroidea;Bonelliida;Bonelliidae;;Bonelliidae;2;2;2;2;2;2;2;;
Chordata;Ascidiacea;Stolidobranchia;Styelidae;Botryllus;Botryllus;3;2;2;2;3;2;2;2;
Chordata;Ascidiacea;Stolidobranchia;Styelidae;Botryllus;Botryllus schlosseri;3;2;2;0;3;2;2;2;
Bryozoa;Gymnolaemata;Ctenostomatida;Vesiculariidae;Bowerbankia;Bowerbankia;3;2;3;0;3;2;2;2;
Annelida;Polychaeta;Sabellida;Sabellidae;Branchiomma;Branchiomma;2;0;1;2;3;2;2;2;1
Annelida;Polychaeta;Sabellida;Sabellidae;Branchiomma;Branchiomma bombyx;2;0;1;2;3;2;2;2;1
Annelida;Polychaeta;Sabellida;Sabellidae;Branchiomma;Branchiomma lucullanum;2;0;1;2;3;2;2;2;1
Chordata;Leptocardii;;Branchiostomidae;Branchiostoma;Branchiostoma lanceolatum;2;2;0;0;3;2;2;3;
Echinodermata;Echinoidea;Spatangoida;Brissidae;Brissopsis;Brissopsis lyrifera;2;3;1;2;1;2;2;3;
Bryozoa;;;;;Bryozoa;3;2;3;0;3;2;2;2;
Mollusca;Gastropoda;Neogastropoda;Buccinidae;Buccinum;Buccinum;1;0;2;3;0;2;2;4;1
Mollusca;Gastropoda;Neogastropoda;Buccinidae;Buccinum;Buccinum humphreysianum;1;0;2;2;0;2;2;4;
Mollusca;Gastropoda;Neogastropoda;Buccinidae;Buccinum;Buccinum undatum;1;0;2;3;0;2;2;4;1
Bryozoa;Gymnolaemata;Cheilostomatida;Bugulidae;Bugula;Bugula;3;3;3;2;3;2;2;;
Bryozoa;Gymnolaemata;Cheilostomatida;Bugulidae;;Bugulidae;3;3;3;3;3;2;2;1;
Bryozoa;Gymnolaemata;Cheilostomatida;Bugulidaz;Bugulina;Bugulina flabellata;3;3;2;3;3;2;2;2;1
Arthropoda;Malacostraca;Decapoda;Calappidae;Calappa;Calappa granulata;1;1;2;2;1;2;2;;
Porifera;Calcarea;;;;Calcarea;3;2;2;0;3;2;2;;
Cnidaria;Anthozoa;Actiniaria;Hormathiidae;Calliactis;Calliactis parasitica;3;2;3;2;1;2;2;;
Arthropoda;Malacostraca;Decapoda;Callianassidae;Callianassa;Callianassa;2;1;0;2;1;2;4;;
Arthropoda;Malacostraca;Decapoda;Callianassidae;Callianassa;Callianassa subterranea;2;1;0;2;1;2;4;;
Mollusca;Gastropoda;;Calliostomatidae;Calliostoma;Calliostoma;1;1;2;0;1;2;2;3;
Mollusca;Gastropoda;;Calliostomatidae;Calliostoma;Calliostoma granulatum;1;1;2;0;1;2;2;3;3
Mollusca;Gastropoda;;Calliostomatidae;Calliostoma;Calliostoma zizyphinum;1;1;2;0;1;2;2;3;3
Mollusca;Bivalvia;Veneroida;Veneridae;Callista;Callista chione;2;0;0;2;3;2;2;;
Mollusca;Cephalopoda;Octopoda;Octopodidae;Callistoctopus;Callistoctopus macropus;0;2;2;3;1;2;2;;
Arthropoda;Malacostraca;Decapoda;Axiidae;Calocaris;Calocaris macandreae;2;0;0;3;1;2;4;3;
Mollusca;Gastropoda;Littorinimorpha;Calyptraeidae;Calyptraea;Calyptraea chinensis;2;3;2;0;1;2;2;3;
Cnidaria;Hydrozoa;Leptothecata;Campanulariidae;Campanularia;Campanularia hincksii;3;3;3;0;3;2;2;;
Cnidaria;Hydrozoa;Leptothecata;Campanulariidae;;Campanulariidae;3;3;3;0;3;2;2;1;
Arthropoda;Malacostraca;Decapoda;Cancridae;Cancer;Cancer bellianus;1;1;2;3;1;2;2;4;
Arthropoda;Malacostraca;Decapoda;Cancridae;Cancer;Cancer pagurus;1;1;2;3;1;2;2;4;1
Cnidaria;Anthozoa;Actiniaria;Capneidae;Capnea;Capnea sanguinea;3;1;1;2;1;2;2;;
Mollusca;Gastropoda;Littorinimorpha;Capulidae;Capulus;Capulus ungaricus;3;3;2;0;1;2;2;3;
Arthropoda;Malacostraca;Decapoda;Polybiidae;Carcinus;Carcinus maenas;1;1;2;2;1;2;2;3;1
Mollusca;Bivalvia;Veneroida;Cardiidae;;Cardiidae;2;0;1;2;3;2;2;4;1
Mollusca;Bivalvia;Anomalodesmata;Cuspidariidae;Cardiomya;Cardiomya;2;1;0;0;1;2;2;;
Arthropoda;Malacostraca;Decapoda;Hyppolytidae;Caridion;Caridion gordoni;1;2;2;0;1;2;2;;
Arthropoda;Malacostraca;Decapoda;Hyppolytidae;Caridion;Caridion steveni;1;2;2;0;1;2;2;;
Cnidaria;Anthozoa;Scleractinia;Caryophylliidae;Caryophyllia;Caryophyllia (Caryophyllia) smithii;3;2;2;0;1;4;2;4;1
Cnidaria;Anthozoa;Pennatulacea;Veretillidae;Cavernularia;Cavernularia pusilla;2;2;3;3;3;2;2;;
Bryozoa;Gymnolaemata;Cheilostomatida;Cellariidae;Cellaria;Cellaria;3;3;3;2;3;2;2;2;
Bryozoa;Gymnolaemata;Cheilostomatida;Cellariidae;Cellaria;Cellaria fistulosa;3;3;3;0;3;2;2;2;
Bryozoa;Gymnolaemata;Cheilostomatida;Celleporidae;Cellepora;Cellepora;3;2;2;0;3;2;2;1;
Bryozoa;Gymnolaemata;Cheilostomatida;Celleporidae;Cellepora;Cellepora pumicosa;3;2;2;0;3;2;2;1;
Echinodermata;Echinoidea;Diadematoida;Diadematidae;Centrostephanus;Centrostephanus longispinus;1;3;2;3;1;2;2;;
Mollusca;Bivalvia;Veneroida;Cardiidae;Cerastoderma;Cerastoderma edule;2;0;1;0;3;2;2;4;1
Nemertea;Anopla;;Lineidae;Cerebratulus;Cerebratulus fuscus;2;0;0;2;1;2;2;3;
Nemertea;Anopla;;Lineidae;Cerebratulus;Cerebratulus marginatus;2;0;0;2;1;2;2;3;3
Cnidaria;Anthozoa;Actiniaria;Sagartiidae;Cereus;Cereus;3;2;1;3;3;2;2;;
Cnidaria;Anthozoa;Actiniaria;Sagartiidae;Cereus;Cereus pedunculatus;3;2;1;3;3;2;2;;3
Cnidaria;Anthozoa;Spirularia;Cerianthidae;;Cerianthidae;2;2;3;3;3;2;2;;
Cnidaria;Anthozoa;Spirularia;Cerianthidae;Cerianthus;Cerianthus lloydii;2;2;3;3;3;2;2;4;1
Arthropoda;Malacostraca;Decapoda;Paguridae;Cestopagurus;Cestopagurus timidus;1;0;2;0;1;2;2;;
Echinodermata;Asteroidea;Valvatida;Chaetasteridae;Chaetaster;Chaetaster longipes;1;1;2;3;1;2;2;;
Annelida;Polychaeta;Spionida;Chaetopteridae;;Chaetopteridae;2;0;0;3;1;2;2;3;
Annelida;Polychaeta;Spionida;Chaetopteridae;Chaetopterus;Chaetopterus variopedatus;2;0;0;3;1;2;2;3;1
Annelida;Polychaeta;Terebellida;Cirratulidae;Chaetozone;Chaetozone;2;0;1;0;1;2;2;;
Annelida;Polychaeta;Terebellida;Cirratulidae;Chaetozone;Chaetozone gibber;2;0;1;0;1;2;2;;
Annelida;Polychaeta;Terebellida;Cirratulidae;Chaetozone;Chaetozone setosa;2;0;1;0;1;2;2;;
Annelida;Polychaeta;Terebellida;Cirratulidae;Chaetozone;Chaetozone zetlandica;2;0;1;0;1;2;2;;
Mollusca;Bivalvia;Veneroida;Veneridae;Chamelea;Chamelea gallina;2;0;0;0;3;2;2;4;
Mollusca;Bivalvia;Veneroida;Veneridae;Chamelea;Chamelea striatula;2;0;0;0;3;2;2;4;
Mollusca;Gastropoda;Littorinimorpha;Ranellidae;Charonia;Charonia lampas;1;0;2;3;1;2;2;;
Bryozoa;Gymnolaemata;Cheilostomatida;Flustridae;Chartella;Chartella papyracea;3;3;3;2;3;2;2;;
Arthropoda;Malacostraca;Decapoda;Pandalidae;Chlorotocus;Chlorotocus crassicornis;1;2;2;2;1;2;2;;
Echinodermata;Echinoidea;Cidaroida;Cidaridae;Cidaris;Cidaris cidaris;2;2;2;2;1;2;2;;
Porifera;Demospongiae;Halichondrida;Halichondriidae;Ciocalypta;Ciocalypta penicillus;3;3;3;2;3;2;2;;
Chordata;Ascidiacea;Phlebobranchia;Cionidae;Ciona;Ciona intestinalis;3;2;3;2;3;2;2;;
Arthropoda;Malacostraca;Isopoda;Cirolanidae;Cirolana;Cirolana cranchi;0;1;2;0;1;2;2;2;3
Annelida;Polychaeta;Terebellida;Cirratulidae;Cirriformia;Cirriformia tentaculata;1;0;1;3;1;2;2;;
Arthropoda;Maxillopoda;;;;Cirripedia;3;3;2;0;3;2;2;;
Mollusca;Bivalvia;Veneroida;Veneridae;Clausinella;Clausinella fasciata;2;0;1;0;3;2;2;;
Mollusca;Gastropoda;Trochida;Trochidae;Clelandekka;Clelandella miliaris;1;0;2;0;1;2;2;4;3
Porifera;Demospongiae;Clionaida;Clionaidae;Cliona;Cliona celata;3;2;3;3;3;2;2;;
Annelida;Polychaeta;;Maldanidae;Clymenella;Clymenella torquata;1;0;1;3;1;2;2;3;1
Cnidaria;Hydrozoa;Leptothecata;Campanulariidae;Clytia;Clytia gracilis;3;3;2;0;3;2;2;1;1
Cnidaria;Hydrozoa;Leptothecata;Campanulariidae;Clytia;Clytia hemisphaerica;3;3;2;0;3;2;2;1;1
Mollusca;Gastropoda;Neogastropoda;Buccinidae;Colus;Colus;1;0;2;2;0;2;2;;
Mollusca;Gastropoda;Neogastropoda;Buccinidae;Colus;Colus gracilis;1;0;2;2;0;2;2;;
Mollusca;Gastropoda;Neogastropoda;Buccinidae;Colus;Colus islandicus;1;0;2;2;0;2;2;;
Mollusca;Gastropoda;Neogastropoda;Buccinidae;Colus;Colus jeffreysianus;1;0;2;2;0;2;2;;
Mollusca;Gastropoda;Neogastropoda;Clathureliidae;Comarmondia;Comarmondia gracilis;2;0;2;0;1;2;2;;
Arthropoda;Malacostraca;Isopoda;Cirolanidae;Conilera;Conilera cylindracea;1;2;2;0;1;2;2;;
Mollusca;Bivalvia;Myida;Corbulidae;Corbula;Corbula gibba;2;0;1;0;3;2;2;2;1
Arthropoda;Malacostraca;Decapoda;Corystidae;Corystes;Corystes cassivelaunus;2;2;0;0;3;2;2;3;1
Arthropoda;Malacostraca;Decapoda;Crangonidae;Crangon;Crangon;0;1;2;0;1;2;2;3;1
Arthropoda;Malacostraca;Decapoda;Crangonidae;Crangon;Crangon allmanni;0;1;2;0;1;2;2;3;1
Arthropoda;Malacostraca;Decapoda;Crangonidae;Crangon;Crangon crangon;0;1;2;0;1;2;2;2;1
Arthropoda;Malacostraca;Decapoda;Crangonidae;;Crangonidae;1;2;3;0;1;2;2;3;1
Mollusca;Gastropoda;Littorinimorpha;Calyptraeidae;Crepidula;Crepidula fornicata;3;0;2;0;1;2;2;3;1
Echinodermata;Crinoidea;;;;Crinoidea;1;2;2;0;3;2;2;;
Bryozoa;Stenolaemata;Cyclostomatida;Crisiidae;Crisia;Crisia;3;3;2;0;3;2;2;2;
Bryozoa;Stenolaemata;Cyclostomatida;Crisiidae;Crisia;Crisia denticulata;3;3;3;0;3;2;2;2;
Echinodermata;Asteroidea;Velatida;Solasteridae;Crossaster;Crossaster papposus;1;1;2;3;1;2;2;4;1
Mollusca;Bivalvia;Anomalodesmata;Cuspidariidae;Cuspidaria;Cuspidaria cuspidata;2;1;0;0;3;2;2;;
Arthropoda;Malacostraca;Isopoda;Anthuridae;Cyathura;Cyathura carinata;1;2;2;0;1;2;2;;
Mollusca;Gastropoda;Thecosomata;Cymbuliidae;Cymbulia;Cymbulia peronii;0;2;3;2;1;2;2;;
Arthropoda;Malacostraca;Decapoda;Diogenidae;Dardanus;Dardanus arrosor;1;1;2;2;0;2;2;3;
Arthropoda;Malacostraca;Decapoda;Diogenidae;Dardanus;Dardanus calidus;1;1;2;2;0;2;2;3;
Porifera;Demospongiae;;;;Demospongiae;3;3;3;3;3;2;2;;
Chordata;Ascidiacea;Stolidobranchia;Styelidae;Dendrodoa;Dendrodoa grossularia;3;3;2;0;3;2;2;2;
Mollusca;Gastropoda;Nudibranchia;Dendronotidae;Dendronotus;Dendronotus frondosus;1;2;2;0;1;2;2;1;1
Porifera;Demospongiae;Poecilosclerida;Desmacididae;Desmacidon;Desmacidon fruticosum;3;3;3;3;3;2;2;;
Arthropoda;Malacostraca;Cumacea;Diastylidae;Diastylis;Diastylis laevis;1;2;1;0;1;2;2;1;3
Chordata;Ascidiacea;Aplousobranchia;Diazonidae;Diazona;Diazona;3;2;3;3;3;2;2;;
Chordata;Ascidiacea;Aplousobranchia;Diazonidae;Diazona;Diazona violacea;3;2;3;3;3;2;2;;
Mollusca;Gastropoda;;Fissurellidae;Diodora;Diodora graeca;2;1;2;0;1;2;2;;3
Arthropoda;Malacostraca;Decapoda;Diogenidae;Diogenes;Diogenes pugilator;1;1;2;0;1;2;2;2;1
Annelida;Polychaeta;Eunicida;Onuphidae;Diopatra;Diopatra neapolitana;2;3;0;2;3;2;2;;
Cnidaria;Hydrozoa;Leptothecata;Sertulariidae;Diphasia;Diphasia;3;3;3;2;3;2;2;3;
Cnidaria;Hydrozoa;Leptothecata;Sertulariidae;Diphasia;Diphasia alata;3;3;3;2;3;2;2;3;
Cnidaria;Hydrozoa;Leptothecata;Sertulariidae;Diphasia;Diphasia attenuata;3;3;3;2;3;2;2;3;
Cnidaria;Hydrozoa;Leptothecata;Sertulariidae;Diphasia;Diphasia margareta;3;3;3;2;3;2;2;;
Cnidaria;Hydrozoa;Leptothecata;Sertulariidae;Diphasia;Diphasia nigra;3;3;3;2;3;2;2;;
Mollusca;Bivalvia;Venerida;Ungulinidae;Diplodonta;Diplodonta rotundata;2;0;1;0;3;2;2;;
Chordata;Ascidiacea;Aplousobranchia;Didemnidae;Diplosoma;Diplosoma listerianum;3;2;3;2;3;2;2;;
Annelida;Polychaeta;Spionida;Spionidae;Dipolydora;Dipolydora flava;2;0;1;0;1;2;2;2;1
Bryozoa;Stenolaemata;Cyclostomatida;Lichenoporidae;Disporella;Disporella hispida;3;1;2;0;3;2;2;2;
Chordata;Ascidiacea;Stolidobranchia;Styelidae;Distomus;Distomus variolosus;3;2;3;0;3;2;2;3;
Annelida;Polychaeta;Sabellida;Serpulidae;Ditrupa;Ditrupa arietina;2;1;2;0;3;2;2;2;
Mollusca;Bivalvia;Veneroida;Donacidae;Donax;Donax;2;1;2;0;3;2;2;3;
Mollusca;Bivalvia;Veneroida;Donacidae;Donax;Donax vittatus;2;0;0;0;3;2;2;3;1
Arthropoda;Malacostraca;Decapoda;Inachidae;Dorhynchus;Dorhynchus thomsoni;1;2;2;0;1;2;2;;
Mollusca;Gastropoda;Nudibranchia;Dorididae;Doris;Doris;1;2;2;2;1;2;2;;
Mollusca;Gastropoda;Nudibranchia;Dorididae;Doris;Doris pseudoargus;1;2;2;2;1;2;2;;
Mollusca;Gastropoda;Nudibranchia;Dorididae;Doris;Doris sticta;1;2;2;2;1;2;2;;
Mollusca;Bivalvia;Veneroida;Veneridae;Dosinia;Dosinia exoleta;2;0;0;2;3;2;2;4;1
Mollusca;Bivalvia;Veneroida;Veneridae;Dosinia;Dosinia lupinus;2;0;0;0;3;2;2;4;1
Mollusca;Gastropoda;Nudibranchia;Dotidae;Doto;Doto;1;2;2;1;1;2;2;;
Annelida;Polychaeta;Eunicida;Oenonidae;Drilonereis;Drilonereis filum;1;0;1;2;1;2;2;;
Arthropoda;Malacostraca;Decapoda;Dromiidae;Dromia;Dromia personata;1;1;2;3;1;2;2;;
Porifera;Demospongiae;Dictyoceratida;Dysideidae;Dysidea;Dysidea fragilis;3;3;3;2;3;2;2;3;
Arthropoda;Malacostraca;Decapoda;Panopeidae;Dyspanopeus;Dyspanopeus sayi;1;1;2;0;1;2;2;;
Arthropoda;Malacostraca;Decapoda;Leucosiidae;Ebalia;Ebalia;1;1;2;0;1;2;2;;
Arthropoda;Malacostraca;Decapoda;Leucosiidae;Ebalia;Ebalia cranchii;1;1;2;0;1;2;2;2;1
Arthropoda;Malacostraca;Decapoda;Leucosiidae;Ebalia;Ebalia granulosa;1;1;2;0;1;2;2;2;1
Arthropoda;Malacostraca;Decapoda;Leucosiidae;Ebalia;Ebalia tuberosa;1;1;2;0;1;2;2;2;1
Arthropoda;Malacostraca;Decapoda;Leucosiidae;Ebalia;Ebalia tumefacta;1;1;2;0;1;2;2;2;1
Echinodermata;Asteroidea;Spinulosida;Echinasteridae;Echinaster;Echinaster (Echinaster) sepositus;2;2;2;3;1;2;2;;
Echinodermata;Echinoidea;Camarodonta;Echinidae;;Echinidae;2;2;2;3;1;2;2;3;
Echinodermata;Echinoidea;Spatangoida;Loveniidae;Echinocardium;Echinocardium;2;3;0;2;1;2;2;3;1
Echinodermata;Echinoidea;Spatangoida;Loveniidae;Echinocardium;Echinocardium cordatum;2;3;0;2;1;2;2;4;1
Echinodermata;Echinoidea;Spatangoida;Loveniidae;Echinocardium;Echinocardium flavescens;2;3;0;2;1;2;2;3;1
Echinodermata;Echinoidea;Spatangoida;Loveniidae;Echinocardium;Echinocardium pennatifidum;2;3;0;2;1;2;2;3;1
Echinodermata;Echinoidea;Clypeasteroida;Fibulariidae;Echinocyamus;Echinocyamus pusillus;2;3;2;0;1;2;2;2;1
Echinodermata;Echinoidea;Camarodonta;Echinidae;Echinus;Echinus esculentus;1;2;2;3;1;2;2;3;
Echinodermata;Echinoidea;Camarodonta;Echinidae;Echinus;Echinus melo;1;2;2;3;1;2;2;3;
Bryozoa;Gymnolaemata;Cheilostomatida;Electridae;Electra;Electra pilosa;3;3;2;0;3;2;2;;
Mollusca;Cephalopoda;Octopoda;Octopodidae;Eledone;Eledone cirrhosa;0;2;2;3;1;2;2;;
Mollusca;Cephalopoda;Octopoda;Octopodidae;Eledone;Eledone moschata;0;2;2;3;1;2;2;;
Mollusca;Gastropoda;;Fissurellidae;Emarginula;Emarginula fissura;2;1;2;0;1;2;2;3;1
Mollusca;Bivalvia;[unassigned] Euheterodonta;Pharidae;Ensis;Ensis;2;3;0;3;3;2;2;4;
Mollusca;Bivalvia;[unassigned] Euheterodonta;Pharidae;Ensis;Ensis directus;2;3;0;3;3;2;2;4;1
Mollusca;Bivalvia;[unassigned] Euheterodonta;Pharidae;Ensis;Ensis ensis;2;3;0;3;3;2;2;4;1
Mollusca;Bivalvia;[unassigned] Euheterodonta;Pharidae;Ensis;Ensis magnus;2;3;0;3;3;2;2;4;
Mollusca;Bivalvia;[unassigned] Euheterodonta;Pharidae;Ensis;Ensis siliqua;2;3;0;3;3;2;2;4;
Annelida;Polychaeta;Amphipoda;Epimeriidae;Epimeria;Epimeria cornigera;1;3;2;0;1;2;2;;
Mollusca;Gastropoda;[unassigned] Caenogastropoda;Epitoniidae;;Epitoniidae;2;1;2;0;1;2;2;3;
Mollusca;Gastropoda;[unassigned] Caenogastropoda;Epitoniidae;Epitonium;Epitonium clathratulum;2;1;2;0;1;2;2;3;
Mollusca;Gastropoda;[unassigned] Caenogastropoda;Epitoniidae;Epitonium;Epitonium clathrus;2;1;2;0;1;2;2;3;3
Mollusca;Gastropoda;[unassigned] Caenogastropoda;Epitoniidae;Epitonium;Epitonium turtonis;2;1;2;0;1;2;2;3;
Cnidaria;Anthozoa;Zoantharia;Epizoanthidae;Epizoanthus;Epizoanthus;3;0;2;0;1;2;2;4;1
Cnidaria;Anthozoa;Zoantharia;Epizoanthidae;Epizoanthus;Epizoanthus couchii;3;2;2;0;3;2;2;4;1
Cnidaria;Anthozoa;Zoantharia;Epizoanthidae;Epizoanthus;Epizoanthus incrustatus;3;2;2;0;3;2;2;4;
Cnidaria;Anthozoa;Zoantharia;Epizoanthidae;Epizoanthus;Epizoanthus paguriphilus;3;2;2;0;3;2;2;4;1
Mollusca;Gastropoda;Littorinimorpha;Eratoidae;Erato;Erato voluta;1;0;2;0;1;2;2;;
Arthropoda;Malacostraca;Decapoda;Inachidae;Ergasticus;Ergasticus clouei;1;2;2;0;1;2;2;;
Arthropoda;Malacostraca;Decapoda;Eriphiidae;Eriphia;Eriphia verrucosa;1;1;2;2;1;2;2;;
Arthropoda;Malacostraca;Decapoda;Ethusidae;Ethusa;Ethusa mascarone;1;1;2;2;1;2;2;;
Arthropoda;Malacostraca;Decapoda;Thoridae;Eualus;Eualus;1;2;2;0;1;2;2;;
Arthropoda;Malacostraca;Decapoda;Thoridae;Eualus;Eualus cranchii;1;2;2;0;1;2;2;3;1
Arthropoda;Malacostraca;Decapoda;Thoridae;Eualus;Eualus occultus;1;2;2;0;1;2;2;;
Arthropoda;Malacostraca;Decapoda;Thoridae;Eualus;Eualus pusiolus;1;2;2;0;1;2;2;;
Cnidaria;Hydrozoa;Anthoathecata;Eudendriidae;Eudendrium;Eudendrium;3;3;3;3;3;2;2;;
Annelida;Polychaeta;Phyllodocida;Phyllodocidae;Eulalia;Eulalia;1;2;1;0;1;2;2;3;1
Annelida;Polychaeta;Phyllodocida;Phyllodocidae;Eulalia;Eulalia viridis;1;2;1;2;1;2;2;;
Annelida;Polychaeta;Eunicida;Eunicidae;Eunice;Eunice pennata;1;2;1;3;1;2;2;;
Annelida;Polychaeta;Eunicida;Eunicidae;Eunice;Eunice vittata;1;0;1;2;1;2;2;3;1
Annelida;Polychaeta;Phyllodocida;Polynoidae;Eunoe;Eunoe nodosa;1;2;2;0;1;2;2;3;1
Annelida;Polychaeta;Amphinomida;Euphrosinidae;Euphrosine;Euphrosine foliosa;1;2;1;0;1;2;2;2;
Annelida;Polychaeta;Terebellida;Terebellidae;Eupolymnia;Eupolymnia nebulosa;2;2;2;0;1;2;2;3;1
Arthropoda;Malacostraca;Isopoda;Cirolanidae;Eurydice;Eurydice pulchra;1;2;2;0;1;2;2;;
Arthropoda;Malacostraca;Isopoda;Cirolanidae;Eurydice;Eurydice spinigera;1;2;2;0;1;2;2;;
Arthropoda;Malacostraca;Decapoda;Majidae;Eurynome;Eurynome;1;2;2;0;1;2;2;;
Arthropoda;Malacostraca;Decapoda;Majidae;Eurynome;Eurynome aspera;1;2;2;0;1;2;2;3;1
Arthropoda;Malacostraca;Decapoda;Majidae;Eurynome;Eurynome spinosa;1;2;2;0;1;2;2;;
Arthropoda;Malacostraca;Decapoda;Sergestidae;Eusergestes;Eusergestes arcticus;0;2;3;0;1;2;2;;
Arthropoda;Malacostraca;Amphipoda;Eusiridae;Eusirus;Eusirus longipes;1;2;1;0;1;2;2;;3
Mollusca;Gastropoda;Littorinimorpha;Naticidae;Euspira;Euspira;1;1;2;0;1;2;2;;
Mollusca;Gastropoda;Littorinimorpha;Naticidae;Euspira;Euspira catena;1;1;2;0;1;2;2;2;3
Mollusca;Gastropoda;Littorinimorpha;Naticidae;Euspira;Euspira fusca;1;1;2;0;1;2;2;;
Mollusca;Gastropoda;Littorinimorpha;Naticidae;Euspira;Euspira montagui;1;1;2;0;1;2;2;;
Mollusca;Gastropoda;Littorinimorpha;Naticidae;Euspira;Euspira nitida;1;1;2;0;1;2;2;;
Annelida;Polychaeta;Sabellida;Serpulidae;Filograna;Filograna implexa;2;3;2;0;3;2;2;;
Annelida;Polychaeta;Terebellida;Flabelligeridae;Flabelligera;Flabelligera affinis;1;2;1;0;1;2;2;;3
Bryozoa;Gymnolaemata;Cheilostomatida;Flustridae;Flustra;Flustra;3;3;3;2;3;2;2;4;
Bryozoa;Gymnolaemata;Cheilostomatida;Flustridae;Flustra;Flustra foliacea;3;3;3;3;3;2;2;4;1
Bryozoa;Gymnolaemata;Cheilostomatida;Flustridae;;Flustridae;3;3;3;2;3;2;2;4;
Cnidaria;Anthozoa;Pennatulacea;Funiculinidae;Funiculina;Funiculina quadrangularis;2;3;3;3;3;4;4;4;
Mollusca;Gastropoda;Neogastropoda;Fasciolariidae;Fusinus;Fusinus rostratus;2;3;0;3;3;2;2;;
Mollusca;Gastropoda;Neogastropoda;Fasciolariidae;Fusinus;Fusinus syracusanus;2;3;0;3;3;2;2;;
Arthropoda;Malacostraca;Decapoda;Galatheidae;Galathea;Galathea;1;2;2;0;3;2;2;3;1
Arthropoda;Malacostraca;Decapoda;Galatheidae;Galathea;Galathea dispersa;1;2;2;0;3;2;2;3;1
Arthropoda;Malacostraca;Decapoda;Galatheidae;Galathea;Galathea intermedia;1;2;2;0;3;2;2;3;1
Arthropoda;Malacostraca;Decapoda;Galatheidae;Galathea;Galathea nexa;1;2;2;0;3;2;2;3;1
Arthropoda;Malacostraca;Decapoda;Galatheidae;Galathea;Galathea squamifera;1;2;2;0;3;2;2;3;1
Arthropoda;Malacostraca;Decapoda;Galatheidae;Galathea;Galathea strigosa;1;2;2;0;3;2;2;3;1
Mollusca;Gastropoda;Littorinimorpha;Cassidae;Galeodea;Galeodea echinophora;1;0;2;3;1;2;2;;
Mollusca;Gastropoda;Littorinimorpha;Cassidae;Galeodea;Galeodea rugosa;1;0;2;3;1;2;2;;
Mollusca;Bivalvia;Galeommatida;Galeommatidae;Galeomma;Galeomma turtoni;2;3;2;0;3;2;2;;
Arthropoda;Malacostraca;Amphipoda;Gammarellidae;Gammarellus;Gammarellus homari;1;2;2;0;1;2;2;2;3
Arthropoda;Malacostraca;Amphipoda;Photoidea;Gammaropsis;Gammaropsis maculata;1;2;1;0;1;2;2;;
Arthropoda;Malacostraca;Amphipoda;Photidae;Gammaropsis;Gammaropsis nitida;1;2;1;0;1;2;2;;3
Arthropoda;Malacostraca;Amphipoda;Photidae;Gammaropsis;Gammaropsis palmata;1;2;1;0;1;2;2;;3
Mollusca;Bivalvia;Veneroida;Psammobiidae;Gari;Gari;2;3;0;0;3;2;2;3;
Mollusca;Bivalvia;Veneroida;Psammobiidae;Gari;Gari costulata;2;3;0;0;3;2;2;;
Mollusca;Bivalvia;Veneroida;Psammobiidae;Gari;Gari fervensis;2;3;0;0;3;2;2;3;3
Mollusca;Bivalvia;Cardiidae;Psammobidae;Gari;Gari tellinella;2;2;1;0;3;2;2;2;1
Mollusca;Gastropoda;;;;Gastropoda;1;3;2;2;1;2;2;3;
Mollusca;Gastropoda;Cephalaspidea;Gastropteridae;Gastropteron;Gastropteron rubrum;0;2;2;0;1;2;2;;
Arthropoda;Malacostraca;Mysida;Gestrosaccinae;Gastrosaccus;Gastrosaccus spinifer;1;2;1;1;1;2;2;2;3
Annelida;Polychaeta;Phyllodocida;Polynoidae;Gattyana;Gattyana cirrhosa;2;0;0;0;1;2;2;3;1
Mollusca;Gastropoda;Nudibranchia;Discodorididae;Geitodoris;Geitodoris planata;1;2;2;2;1;2;2;;
Arthropoda;Malacostraca;Decapoda;Geryonidae;Geryon;Geryon longipes;2;1;2;2;1;2;2;;
Arthropoda;Malacostraca;Decapoda;Geryonidae;Geryon;Geryon trispinosus;2;1;2;2;1;2;2;;
Mollusca;Bivalvia;Mytiloida;Mytilidae;Gibbomodiola;Gibbomodiola adriatica;3;1;2;0;3;2;2;;
Mollusca;Gastropoda;;Trochidae;Gibbula;Gibbula magus;1;1;2;0;1;2;2;;
Mollusca;Gastropoda;;Trochidae;Gibbula;Gibbula tumida;1;1;2;0;1;2;2;3;3
Hemichordata;Enteropneusta;[unassigned] Enteropneusta (Order);Spengelidae;Glandiceps;Glandiceps talaboti;2;2;1;3;1;2;2;;
Mollusca;Bivalvia;Veneroida;Glossidae;Glossus;Glossus humanus;2;0;0;2;3;2;2;4;
Annelida;Polychaeta;Phyllodocida;Glyceridae;Glycera;Glycera;1;0;1;3;1;2;2;3;1
Annelida;Polychaeta;Phyllodocida;Glyceridae;Glycera;Glycera alba;1;0;1;3;1;2;2;;
Annelida;Polychaeta;Phyllodocida;Glyceridae;Glycera;Glycera fallax;1;0;1;2;1;2;2;3;1
Annelida;Polychaeta;Phyllodocida;Glyceridae;Glycera;Glycera lapidum;1;0;1;2;1;2;2;3;1
Annelida;Polychaeta;Phyllodocida;Glyceridae;Glycera;Glycera oxycephala;1;0;1;3;1;2;2;;
Annelida;Polychaeta;Phyllodocida;Glyceridae;Glycera;Glycera tridactyla;1;0;1;3;1;2;2;;
Annelida;Polychaeta;Phyllodocida;Goniadidae;Glycinde;Glycinde nordmanni;1;0;1;0;1;2;2;2;1
Mollusca;Bivalvia;Arcoida;Glycymerididae;Glycymeris;Glycymeris;2;0;2;2;3;2;2;4;
Mollusca;Bivalvia;Arcoida;Glycymerididae;Glycymeris;Glycymeris glycymeris;2;0;0;2;3;2;2;4;1
Sipuncula;Sipunculidea;Golfingiida;Golfingiidae;Golfingia;Golfingia;2;0;1;2;1;2;2;;
Sipuncula;Sipunculidea;Golfingiida;Golfingiidae;Golfingia;Golfingia elongata;2;0;1;2;1;2;2;;3
Sipuncula;Sipunculidea;Golfingiida;Golfingiidae;Golfingia;Golfingia vulgaris;2;0;1;2;1;2;2;;1
Arthropoda;Malacostraca;Decapoda;Goneplacidae;Goneplax;Goneplax rhomboides;1;2;2;2;1;2;2;3;
Annelida;Polychaeta;Phyllodocida;Goniadidae;Goniada;Goniada maculata;1;0;1;2;1;2;2;;
Cnidaria;Anthozoa;Alcyonacea;Gorgoniidae;;Gorgoniidae;3;3;3;3;3;2;2;;
Mollusca;Bivalvia;Venerida;Veneridae;Gouldia;Gouldia minima;2;3;1;0;3;2;2;;
Echinodermata;Echinoidea;Camarodonta;Echinidae;Gracilechinus;Gracilechinus acutus;2;2;2;3;1;2;2;;
Echinodermata;Echinoidea;Camarodonta;Echinidae;Gracilechinus;Gracilechinus elegans;1;2;2;3;1;2;2;;
Mollusca;Bivalvia;Ostreoida;Gryphaeidae;;Gryphaeidae;3;0;2;3;3;2;2;;
Brachiopoda;Rhynchonellata;Terebratulida;Terebratulidae;Gryphus;Gryphus vitreus;3;3;2;0;3;4;2;;
Bryozoa;Gymnolaemata;;;;Gymnolaemata;3;2;3;2;3;2;2;;
Mollusca;Gastropoda;Neogastropoda;Muricidae;Hadriania;Hadriania craticulata;2;0;2;0;1;2;2;;
Cnidaria;Hydrozoa;Leptothecata;Haleciidae;Halecium;Halecium;3;3;3;2;3;2;2;;
Cnidaria;Hydrozoa;Leptothecata;Haleciidae;Halecium;Halecium halecinum;3;3;3;2;3;2;2;;
Cnidaria;Demospongiae;Halichondrida;Halichondriidae;Halichondria;Halichondria;3;3;2;3;3;2;2;;
Porifera;Demospongiae;Halichondrida;Halichondriidae;Halichondria;Halichondria (Halichondria) bowerbanki;3;3;3;3;3;2;2;3;
Porifera;Demospongiae;Halichondrida;Halichondriidae;Halichondria;Halichondria (Halichondria) panicea;3;3;3;3;3;2;2;3;
Porifera;Demospongiae;Haplosclerida;Chalinidae;Haliclona;Haliclona;3;3;3;3;3;4;2;;
Porifera;Demospongiae;Haplosclerida;Chalinidae;Haliclona;Haliclona (Haliclona) oculata;3;3;3;3;3;4;2;;
Porifera;Demospongiae;Haplosclerida;Chalinidae;Haliclona;Haliclona (Reniera) cinerea;3;3;3;3;3;4;2;;
Porifera;Demospongiae;Haplosclerida;Chalinidae;Haliclona;Haliclona oculata;3;3;3;3;3;2;2;;
Chordata;Ascidiacea;Stolidobranchia;Pyuridae;Halocynthia;Halocynthia papillosa;3;2;2;3;3;2;2;;
Annelida;Polychaeta;Phyllodocida;Polynoidae;Harmothoe;Harmothoe;2;0;2;0;1;2;2;;
Annelida;Polychaeta;Phyllodocida;Polynoidae;Harmothoe;Harmothoe clavigera;2;0;2;0;1;2;2;3;1
Annelida;Polychaeta;Phyllodocida;Polynoidae;Harmothoe;Harmothoe extenuata;2;0;2;0;1;2;2;;
Annelida;Polychaeta;Phyllodocida;Polynoidae;Harmothoe;Harmothoe spinifera;1;0;1;0;1;2;2;3;1
Echinodermata;Asteroidea;Spinulosida;Echinasteridae;Henricia;Henricia;1;2;2;3;1;2;2;3;1
Echinodermata;Asteroidea;Spinulosida;Echinasteridae;Henricia;Henricia oculata;1;2;2;3;1;2;2;;1
Echinodermata;Asteroidea;Spinulosida;Echinasteridae;Henricia;Henricia sanguinolenta;1;2;2;3;1;2;2;;1
Mollusca;Bivalvia;Pectinida;Anomiidae;Heteranomia;Heteranomia squamula;2;0;2;0;3;2;2;;
Mollusca;Cephalopoda;Sepiolida;Sepiolidae;Heteroteuthis;Heteroteuthis (Heteroteuthis) dispar;0;2;3;0;1;2;2;;
Mollusca;Cephalopoda;Sepiolida;Sepiolidae;Heteroteuthis;Heteroteuthis dispar;0;2;3;0;1;2;2;;
Mollusca;Gastropoda;Neogastropoda;Muricidae;Hexaplex;Hexaplex trunculus;2;3;2;2;1;2;2;;
Mollusca;Bivalvia;[unassigned] Euheterodonta;Hiatellidae;Hiatella;Hiatella;2;0;0;0;1;2;2;;
Mollusca;Bivalvia;[unassigned] Euheterodonta;Hiatellidae;Hiatella;Hiatella arctica;2;0;0;0;1;2;2;4;
Annelida;Polychaeta;Eunicida;Lumbrineridae;Hilbigneris;Hilbigneris pleijeli;1;0;1;2;1;2;2;4;1
Mollusca;Gastropoda;Neogastropoda;Nassariidae;Hinia;Hinia;1;0;2;0;1;2;2;;
Echinodermata;Asteroidea;Valvatida;Goniasteridae;Hippasteria;Hippasteria phrygiana;1;2;2;3;1;2;2;2;
Arthropoda;Malacostraca;Decapoda;Hippolytidae;Hippolyte;Hippolyte varians;1;2;2;0;1;2;2;;
Mollusca;Gastropoda;Neogastropoda;Muricidae;Hirtomurex;Hirtomurex squamosus;1;0;2;0;1;2;2;3;1
Annelida;Clitellata;;;;Hirudinea;2;2;2;2;1;2;2;;
Mollusca;Cephalopoda;Oegopsida;Histioteuthidae;Histioteuthis;Histioteuthis;0;2;3;2;1;2;2;;
Mollusca;Cephalopoda;Oegopsida;Histioteuthidae;Histioteuthis;Histioteuthis bonnellii;0;2;3;2;1;2;2;;
Mollusca;Cephalopoda;Oegopsida;Histioteuthidae;Histioteuthis;Histioteuthis reversa;0;2;3;2;1;2;2;;
Echinodermata;Holothuroidea;Aspidochirotida;Holothuriidae;Holothuria;Holothuria;1;2;2;3;1;2;2;;
Echinodermata;Holothuroidea;Aspidochirotida;Holothuriidae;Holothuria;Holothuria (Holothuria) mammata;1;2;2;3;1;2;2;3;
Echinodermata;Holothuroidea;Aspidochirotida;Holothuriidae;Holothuria;Holothuria (Holothuria) tubulosa;1;2;2;3;1;2;2;3;
Echinodermata;Holothuroidea;Aspidochirotida;Holothuriidae;Holothuria;Holothuria (Panningothuria) forskali;2;2;2;3;3;2;2;2;
Arthropoda;Malacostraca;Decapoda;Nephropidae;Homarus;Homarus gammarus;1;1;2;3;1;2;2;3;
Cnidaria;Anthozoa;Actiniaria;Hormathiidae;Hormathia;Hormathia;3;2;2;2;1;2;2;;
Cnidaria;Anthozoa;Actiniaria;Hormathiidae;Hormathia;Hormathia digitata;3;2;2;2;1;2;2;;
Annelida;Polychaeta;Eunicida;Onuphidae;Hyalinoecia;Hyalinoecia;1;2;2;0;3;2;2;;
Annelida;Polychaeta;Eunicida;Onuphidae;Hyalinoecia;Hyalinoecia bilineata;1;2;2;0;3;2;2;;
Annelida;Polychaeta;Eunicida;Onuphidae;Hyalinoecia;Hyalinoecia tubicola;1;2;2;0;3;2;2;;
Arthropoda;Malacostraca;Decapoda;Oregoniidae;Hyas;Hyas;1;2;2;2;1;2;2;2;
Arthropoda;Malacostraca;Decapoda;Oregoniidae;Hyas;Hyas araneus;1;2;2;2;1;2;2;3;1
Arthropoda;Malacostraca;Decapoda;Oregoniidae;Hyas;Hyas coarctatus;1;2;2;2;1;2;2;3;1
Cnidaria;Hydrozoa;Anthoathecata;Hydractiniidae;Hydractinia;Hydractinia echinata;3;2;2;0;3;2;2;3;1
Cnidaria;Hydrozoa;Leptothecata;Sertulariidae;Hydrallmania;Hydrallmania falcata;3;3;3;3;3;2;2;;
Cnidaria;Hydrozoa;;;;Hydrozoa;3;3;3;3;3;4;4;;
Porifera;Demospongiae;Poecilosclerida;Hymedesmiidae;Hymedesmia;Hymedesmia;3;3;2;3;3;2;2;2;
Echinodermata;Asteroidea;Brisingida;Brisingidae;Hymenodiscus;Hymenodiscus coronata;1;3;2;3;3;2;2;;
Bryozoa;Stenolaemata;Cyclostomatida;Tubuliporidae;Idmidronea;Idmidronea;3;3;2;1;3;2;2;;
Arthropoda;Malacostraca;Isopoda;Idoteidae;Idotea;Idotea linearis;1;2;2;0;1;2;2;;
Mollusca;Cephalopoda;Oegopsida;Ommastrephidae;Illex;Illex coindetii;0;2;3;3;1;2;2;2;3
Arthropoda;Malacostraca;Decapoda;Inachidae;;Inachidae;1;2;2;0;1;2;2;;
Arthropoda;Malacostraca;Decapoda;Inachidae;Inachus;Inachus;1;2;2;0;1;2;2;2;
Arthropoda;Malacostraca;Decapoda;Inachidae;Inachus;Inachus communissimus;1;2;2;0;1;2;2;2;1
Arthropoda;Malacostraca;Decapoda;Inachidae;Inachus;Inachus dorsettensis;1;2;2;0;1;2;2;2;
Arthropoda;Malacostraca;Decapoda;Inachidae;Inachus;Inachus leptochirus;1;2;2;0;1;2;2;2;1
Arthropoda;Malacostraca;Decapoda;Inachidae;Inachus;Inachus phalangium;1;2;2;0;1;2;2;2;1
Arthropoda;Malacostraca;Decapoda;Inachidae;Inachus;Inachus thoracicus;1;2;2;0;1;2;2;2;1
Mollusca;Gastropoda;;Lepetidae;Iothia;Iothia fulva;1;0;2;0;1;2;2;;
Mollusca;Polyplacophora;Chitonida;Ischnochitonidae;;Ischnochitonidae;1;2;2;0;1;2;2;2;1
Cnidaria;Anthozoa;Alcyonacea;Isididae;Isidella;Isidella elongata;3;3;3;3;3;4;2;;
Arthropoda;Malacostraca;Isopoda;Janiridae;Janira;Janira maculosa;1;2;2;0;1;2;2;;
Arthropoda;Malacostraca;Decapoda;Laomediidae;Jaxea;Jaxea nocturna;2;2;0;2;1;2;2;;
Mollusca;Gastropoda;Nudibranchia;Discodorididae;Jorunna;Jorunna tomentosa;1;2;2;2;1;2;2;3;
Annelida;Polychaeta;Sabellida;Serpulidae;Josephella;Josephella marenzelleri;3;0;1;0;3;2;2;;
Mollusca;Gastropoda;;Trochidae;Jujubinus;Jujubinus exasperatus;1;0;2;0;1;2;2;;
Mollusca;Gastropoda;;Trochidae;Jujubinus;Jujubinus montagui;1;0;2;0;1;2;2;;
Mollusca;Gastropoda;;Trochidae;Jujubinus;Jujubinus striatus;1;0;2;0;1;2;2;4;3
Mollusca;Gastropoda;Nudibranchia;;Kaloplocamus;Kaloplocamus ramosus;2;2;2;2;1;2;2;;
Mollusca;Bivalvia;Galeommatida;Lasaeidae;Kellia;Kellia suborbicularis;1;3;1;0;3;2;2;;
Cnidaria;Hydrozoa;Leptothecata;Kirchenpaueriidae;Kirchenpaueria;Kirchenpaueria pinnata;3;3;3;3;3;2;2;;
Annelida;Polychaeta;Terebellida;Cirratulidae;Kirkegaardia;Kirkegaardia;1;0;1;3;1;2;2;;
Mollusca;Gastropoda;Littorinimorpha;Littorinidae;Lacuna;Lacuna crassior;2;1;2;0;1;2;2;3;
Annelida;Polychaeta;Phyllodocida;Aphroditidae;Laetmonice;Laetmonice;1;3;2;0;1;2;2;3;
Annelida;Polychaeta;Phyllodocida;Aphroditidae;Laetmonice;Laetmonice hystrix;1;0;2;2;1;2;2;3;1
Mollusca;Bivalvia;Veneroida;Cardiidae;Laevicardium;Laevicardium crassum;2;0;1;2;3;2;2;3;1
Mollusca;Bivalvia;Veneroida;Cardiidae;Laevicardium;Laevicardium oblongum;2;0;1;2;3;2;2;4;1
Annelida;Polychaeta;Terebellida;Pectinariidae;Lagis;Lagis koreni;2;1;0;0;1;2;2;4;1
Mollusca;Gastropoda;Littorinimorpha;Velutinidae;Lamellaria;Lamellaria;2;2;2;0;1;2;2;2;
Mollusca;Gastropoda;Littorinimorpha;Velutinidae;Lamellaria;Lamellaria latens;1;2;2;0;1;2;2;;
Mollusca;Gastropoda;Littorinimorpha;Velutinidae;Lamellaria;Lamellaria perspicua;2;2;2;0;1;2;2;;
Annelida;Polychaeta;Terebellida;Terebellidae;Lanice;Lanice conchilega;2;0;0;2;1;4;2;;
Annelida;Polychaeta;Spionida;Spionidae;Laonice;Laonice cirrata;1;0;1;3;1;2;2;3;1
Arthropoda;Malacostraca;Decapoda;Latreilliidae;Latreillia;Latreillia;2;3;2;0;1;2;2;;
Arthropoda;Malacostraca;Decapoda;Latreilliidae;Latreillia;Latreillia elegans;2;3;2;0;1;2;2;;
Annelida;Polychaeta;;Maldanidae;Leiochone;Leiochone leiopygos;2;0;1;3;1;2;2;;
Annelida;Polychaeta;Eunicida;Eunicidae;Leodice;Leodice harassii;1;0;2;3;1;2;2;;
Mollusca;Polyplacophora;Chitonida;Lepidochitonidae;Lepidochitona;Lepidochitona cinerea;1;1;2;0;1;2;2;;
Annelida;Polychaeta;Phyllodocida;Polynoidae;Lepidonotus;Lepidonotus clava;1;0;2;0;1;2;2;;
Annelida;Polychaeta;Phyllodocida;Polynoidae;Lepidonotus;Lepidonotus squamatus;1;0;2;0;1;2;2;3;1
Echinodermata;Asteroidea;Forcipulatida;Asteriidae;Leptasterias;Leptasterias (Leptasterias) muelleri;1;2;2;2;1;2;2;3;1
Arthropoda;Malacostraca;Amphipoda;Corophiidae;Leptocheirus;Leptocheirus tricristatus;1;2;1;0;1;2;2;;
Mollusca;Polyplacophora;Lepidopleurida;Leptochitonidae;Leptochiton;Leptochiton asellus;1;2;2;0;1;2;2;;
Mollusca;Polyplacophora;Lepidopleurida;Leptochitonidae;Leptochiton;Leptochiton cancellatus;1;0;2;0;1;2;2;3;1
Echinodermata;Crinoidea;Comatulida;Antedonidae;Leptometra;Leptometra;2;3;3;3;3;4;2;;
Echinodermata;Crinoidea;Comatulida;Antedonidae;Leptometra;Leptometra celtica;2;3;3;3;3;4;2;;
Echinodermata;Crinoidea;Comatulida;Antedonidae;Leptometra;Leptometra phalangium;2;3;3;3;3;4;2;;
Mollusca;Bivalvia;Galeommatida;Lasaeidae;Lepton;Lepton squamosum;2;3;1;0;3;2;2;;
Echinodermata;Holothuroidea;Dendrochirotida;Cucumariidae;Leptopentacta;Leptopentacta;2;2;0;2;3;2;2;;
Echinodermata;Holothuroidea;Dendrochirotida;Cucumariidae;Leptopentacta;Leptopentacta elongata;2;2;0;2;3;2;2;3;
Echinodermata;Holothuroidea;Apodida;Synaptidae;Leptosynapta;Leptosynapta inhaerens;2;3;0;2;3;2;2;3;
Porifera;Calcarea;Leucosolenida;Leucosoleniidae;Leucosolenia;Leucosolenia variabilis;3;3;2;0;3;2;2;3;
Annelida;Polychaeta;;Paraonidae;Levinsenia;Levinsenia gracilis;1;0;1;0;3;2;2;;
Arthropoda;Malacostraca;Decapoda;Hippolytidae;Ligur;Ligur ensiferus;1;2;2;2;1;2;2;;
Mollusca;Gastropoda;Nudibranchia;Polyceridae;Limacia;Limacia clavigera;1;3;2;0;1;2;2;;
Mollusca;Bivalvia;Limida;Limidae;Limaria;Limaria hians;3;3;2;0;3;2;2;;
Mollusca;Bivalvia;Limida;Limidae;Limaria;Limaria loscombi;3;3;2;0;3;2;2;;
Nemertea;Anopla;;Lineidae;Lineus;Lineus;2;0;0;3;1;2;2;;
Nemertea;Anopla;;Lineidae;Lineus;Lineus bilineatus;2;0;0;3;1;2;2;1;3
Arthropoda;Malacostraca;Decapoda;Polybiidae;Liocarcinus;Liocarcinus;1;1;2;2;1;2;2;1;3
Arthropoda;Malacostraca;Decapoda;Polybiidae;Liocarcinus;Liocarcinus corrugatus;0;1;2;2;1;2;2;3;
Arthropoda;Malacostraca;Decapoda;Polybiidae;Liocarcinus;Liocarcinus depurator;0;1;2;2;1;2;2;;
Arthropoda;Malacostraca;Decapoda;Polybiidae;Liocarcinus;Liocarcinus holsatus;0;1;2;2;1;2;2;3;1
Arthropoda;Malacostraca;Decapoda;Polybiidae;Liocarcinus;Liocarcinus marmoreus;0;1;2;0;1;2;2;3;1
Arthropoda;Malacostraca;Decapoda;Polybiidae;Liocarcinus;Liocarcinus navigator;0;1;2;0;1;2;2;3;1
Arthropoda;Malacostraca;Decapoda;Polybiidae;Liocarcinus;Liocarcinus pusillus;1;1;2;0;1;2;2;3;1
Arthropoda;Malacostraca;Decapoda;Polybiidae;Liocarcinus;Liocarcinus vernalis;0;1;2;0;1;2;2;3;1
Mollusca;Gastropoda;Neogastropoda;Buccinidae;Liomesus;Liomesus ovum;1;1;2;0;1;2;2;3;1
Arthropoda;Malacostraca;Decapoda;Lithodidae;Lithodes;Lithodes maja;1;2;2;2;1;2;2;4;3
Mollusca;Cephalopoda;Myopsida;Loliginidae;Loligo;Loligo;0;2;3;3;1;2;2;;
Mollusca;Cephalopoda;Myopsida;Loliginidae;Loligo;Loligo forbesii;0;2;3;3;1;2;2;;
Mollusca;Cephalopoda;Myopsida;Loliginidae;Loligo;Loligo vulgaris;0;2;3;3;1;2;2;;
Arthropoda;Malacostraca;Lophogastrida;Lophogastridae;Lophogaster;Lophogaster typicus;0;1;3;0;1;2;2;;
Mollusca;Bivalvia;Lucinoida;Lucinidae;Lucinoma;Lucinoma borealis;2;0;0;0;1;2;2;;
Echinodermata;Asteroidea;Paxillosida;Luidiidae;Luidia;Luidia;1;2;2;3;1;2;2;3;
Echinodermata;Asteroidea;Paxillosida;Luidiidae;Luidia;Luidia ciliaris;1;2;2;3;1;2;2;3;
Echinodermata;Asteroidea;Paxillosida;Luidiidae;Luidia;Luidia sarsii;1;2;2;3;1;2;2;3;
;;;;;Lumbricalis adriatica;1;0;1;2;1;2;2;;
Annelida;Polychaeta;Eunicida;Lumbrineridae;Lumbrineriopsis;Lumbrineriopsis;1;0;1;0;3;2;2;3;
Annelida;Polychaeta;Eunicida;Lumbrineridae;Lumbrineris;Lumbrineris cingulata;1;0;1;2;1;2;2;;
Mollusca;Bivalvia;Veneroida;Mactridae;Lutraria;Lutraria;2;1;0;3;3;2;2;1;
Mollusca;Bivalvia;Veneroida;Mactridae;Lutraria;Lutraria angustior;2;1;0;3;3;2;2;4;
Mollusca;Bivalvia;Veneroida;Mactridae;Lutraria;Lutraria lutraria;2;1;0;3;3;2;2;4;1
Mollusca;Bivalvia;Veneroida;Mactridae;Lutraria;Lutraria oblonga;2;1;0;3;3;2;2;4;1
Annelida;Polychaeta;Sabellida;Sabellariidae;Lygdamis;Lygdamis muratus;2;2;0;0;3;2;2;4;
Mollusca;Bivalvia;;Lyonsiidae;Lyonsia;Lyonsia norwegica;2;3;1;0;3;2;2;3;1
Annelida;Polychaeta;Eunicida;Eunicidae;Lysidice;Lysidice ninetta;2;0;0;0;1;2;2;;
Cnidaria;Hydrozoa;Leptothecata;Aglaopheniidae;Lytocarpia;Lytocarpia myriophyllum;3;3;3;3;3;2;2;2;1
Arthropoda;Malacostraca;Decapoda;Macropipidae;Macropipus;Macropipus tuberculatus;0;1;2;2;1;2;2;;
Arthropoda;Malacostraca;Decapoda;Inachidae;Macropodia;Macropodia;2;3;2;0;1;2;2;3;
Arthropoda;Malacostraca;Decapoda;Inachidae;Macropodia;Macropodia deflexa;2;3;2;0;1;2;2;2;
Arthropoda;Malacostraca;Decapoda;Inachidae;Macropodia;Macropodia linaresi;2;3;2;0;1;2;2;2;1
Arthropoda;Malacostraca;Decapoda;Inachidae;Macropodia;Macropodia parva;1;2;2;0;1;2;2;2;1
Arthropoda;Malacostraca;Decapoda;Inachidae;Macropodia;Macropodia rostrata;2;3;2;0;1;2;2;;1
Arthropoda;Malacostraca;Decapoda;Inachidae;Macropodia;Macropodia tenuirostris;2;3;2;0;1;2;2;2;1
Mollusca;Cephalopoda;Octopoda;Octopodidae;Macrotritopus;Macrotritopus defilippi;0;2;2;3;1;2;2;2;1
Mollusca;Bivalvia;Veneroida;Mactridae;Mactra;Mactra;2;1;0;2;3;2;2;;
Mollusca;Bivalvia;Veneroida;Mactridae;Mactra;Mactra stultorum;2;1;0;2;3;2;2;4;
Cnidaria;Anthozoa;Scleractinia;Oculinidae;Madrepora;Madrepora oculata;3;3;3;3;3;4;2;4;1
Mollusca;Bivalvia;Ostreoida;Ostreidae;Magallana;Magallana gigas;3;0;2;2;3;2;2;;
Annelida;Polychaeta;;Magelonidae;Magelona;Magelona filiformis;1;0;1;0;3;2;2;;
Arthropoda;Malacostraca;Decapoda;Majidae;Maja;Maja brachydactyla;1;2;2;3;1;2;2;;
Arthropoda;Malacostraca;Decapoda;Majidae;Maja;Maja crispata;1;2;2;3;1;2;2;3;1
Arthropoda;Malacostraca;Decapoda;Majidae;Maja;Maja squinado;1;2;2;3;1;2;2;3;1
Annelida;Polychaeta;;Maldanidae;;Maldanidae;2;3;0;0;1;2;2;3;1
Annelida;Polychaeta;Phyllodocida;Polynoidae;Malmgrenia;Malmgrenia;2;0;2;0;1;2;2;2;
Annelida;Polychaeta;Phyllodocida;Polynoidae;Malmgrenia;Malmgrenia ljungmani;2;0;2;0;1;2;2;2;
Annelida;Polychaeta;Phyllodocida;Polynoidae;Malmgrenia;Malmgrenia marphysae;2;0;2;0;1;2;2;;
Mollusca;Gastropoda;Neogastropoda;Mangeliidae;Mangelia;Mangelia costata;1;0;2;0;1;2;2;;
Mollusca;Gastropoda;Neogastropoda;Mangeliidae;Mangelia;Mangelia costulata;1;0;2;0;1;2;2;;
Mollusca;Gastropoda;Nudibranchia;Tritoniidae;Marionia;Marionia blainvillea;1;2;2;2;1;2;2;;
Annelida;Polychaeta;Eunicida;Eunicidae;Marphysa;Marphysa;1;0;1;3;1;2;2;;
Annelida;Polychaeta;Eunicida;Eunicidae;Marphysa;Marphysa bellii;1;0;1;3;1;2;2;;
Annelida;Polychaeta;Eunicida;Eunicidae;Marphysa;Marphysa sanguinea;1;0;1;3;1;2;2;;
Echinodermata;Asteroidea;Forcipulatida;Asteriidae;Marthasterias;Marthasterias glacialis;1;2;2;3;1;2;2;;
Annelida;Polychaeta;;Capitellidae;Mediomastus;Mediomastus fragilis;1;0;1;2;1;2;2;;
Arthropoda;Malacostraca;Decapoda;Dorippidae;Medorippe;Medorippe lanata;1;1;2;2;1;2;2;;
Arthropoda;Malacostraca;Amphipoda;Photidae;Megamphopus;Megamphopus cornutus;1;2;2;0;1;2;2;;
Mollusca;Gastropoda;Littorinimorpha;Eulimidae;Melanella;Melanella alba;1;0;1;0;1;2;2;;
Bryozoa;Gymnolaemata;Cheilostomatida;Membraniporidae;Membranipora;Membranipora membranacea;3;3;2;0;3;2;2;;
Cnidaria;Anthozoa;Actiniaria;Metridiidae;Metridium;Metridium dianthus;3;2;3;3;1;2;2;;
Cnidaria;Anthozoa;Actiniaria;Metridiidae;Metridium;Metridium senile;3;2;3;3;1;2;2;;1
Chordata;Ascidiacea;Stolidobranchia;Pyuridae;Microcosmus;Microcosmus;3;2;2;3;3;2;2;;1
Chordata;Ascidiacea;Stolidobranchia;Pyuridae;Microcosmus;Microcosmus sabatieri;3;2;2;3;3;2;2;3;
Chordata;Ascidiacea;Stolidobranchia;Pyuridae;Microcosmus;Microcosmus vulgaris;3;2;2;3;3;2;2;3;
Mollusca;Bivalvia;Pectinoida;Pectinidae;Mimachlamys;Mimachlamys;3;1;2;2;3;2;2;3;
Mollusca;Bivalvia;Pectinoida;Pectinidae;Mimachlamys;Mimachlamys varia;3;1;2;2;3;2;2;3;
Mollusca;Bivalvia;Mytiloida;Mytilidae;Modiolula;Modiolula phaseolina;3;0;2;0;3;2;2;3;
Mollusca;Bivalvia;Mytiloida;Mytilidae;Modiolus;Modiolus barbatus;3;3;2;2;3;2;2;;
Mollusca;Bivalvia;Mytiloida;Mytilidae;Modiolus;Modiolus cf. barbatus;3;0;2;3;3;2;2;4;1
Mollusca;Bivalvia;Mytiloida;Mytilidae;Modiolus;Modiolus modiolus;3;1;2;3;3;2;4;4;1
Mollusca;Bivalvia;Veneroida;Tellinidae;Moerella;Moerella donacina;2;3;0;0;1;2;2;4;1
Chordata;Ascidiacea;Stolidobranchia;Molgulidae;Molgula;Molgula;3;2;2;0;3;2;2;3;
Chordata;Ascidiacea;Stolidobranchia;Molgulidae;Molgula;Molgula appendiculata;3;2;2;0;3;2;2;1;
Chordata;Ascidiacea;Stolidobranchia;Molgulidae;Molgula;Molgula manhattensis;3;2;2;0;3;2;2;1;
Chordata;Ascidiacea;Stolidobranchia;Molgulidae;Molgula;Molgula occulta;3;2;2;0;3;2;2;1;
Chordata;Ascidiacea;Stolidobranchia;Molgulidae;Molgula;Molgula socialis;3;2;2;0;3;2;2;1;
Chordata;Ascidiacea;Stolidobranchia;Molgulidae;;Molgulidae;3;2;2;0;3;2;2;1;
Echinodermata;Holothuroidea;Molpadida;Molpadiidae;Molpadia;Molpadia;2;2;1;2;1;2;2;1;
Echinodermata;Holothuroidea;Molpadida;Molpadiidae;Molpadia;Molpadia musculus;2;2;1;2;1;2;2;;
Mollusca;Bivalvia;Pectinoida;Anomiidae;Monia;Monia patelliformis;3;1;2;0;3;2;2;;
Mollusca;Bivalvia;Pectinoida;Anomiidae;Monia;Monia squama;3;1;2;0;3;2;2;;
Arthropoda;Malacostraca;Decapoda;Xanthidae;Monodaeus;Monodaeus couchii;1;1;2;2;1;2;2;;
Mollusca;Gastropoda;Littorinimorpha;Ranellidae;Monoplex;Monoplex corrugatus;1;0;2;3;1;2;2;;
Arthropoda;Malacostraca;Decapoda;Munididae;Munida;Munida;1;2;2;0;1;2;2;;
Arthropoda;Malacostraca;Decapoda;Munididae;Munida;Munida curvimana;1;2;2;0;1;2;2;3;
Arthropoda;Malacostraca;Decapoda;Munididae;Munida;Munida intermedia;1;2;2;0;1;2;2;3;
Arthropoda;Malacostraca;Decapoda;Munididae;Munida;Munida iris;1;2;2;0;1;2;2;3;
Arthropoda;Malacostraca;Decapoda;Munididae;Munida;Munida rugosa;1;2;2;0;1;2;2;3;
Arthropoda;Malacostraca;Decapoda;Munididae;Munida;Munida rutllanti;1;2;2;0;1;2;2;3;
Arthropoda;Malacostraca;Decapoda;Munididae;Munida;Munida tenuimana;1;2;2;0;1;2;2;3;
Mollusca;Gastropoda;Neogastropoda;Muricidae;;Muricidae;2;3;2;2;1;2;2;3;
Mollusca;Bivalvia;Mytiloida;Mytilidae;Musculus;Musculus costulatus;3;3;2;0;3;2;2;;
Mollusca;Bivalvia;Mytiloida;Mytilidae;Musculus;Musculus discors;3;3;2;0;3;2;2;;
Mollusca;Bivalvia;Mytiloida;Mytilidae;Musculus;Musculus niger;3;3;2;0;3;2;2;3;3
Mollusca;Bivalvia;Mytiloida;Mytilidae;Musculus;Musculus subpictus;3;3;2;0;3;2;2;;
Mollusca;Bivalvia;Myoida;Myidae;Mya;Mya arenaria;2;0;0;3;3;2;2;;
Mollusca;Bivalvia;Myoida;Myidae;Mya;Mya truncata;2;0;0;2;3;2;2;3;1
Porifera;Demospongiae;Poecilosclerida;Mycalidae;Mycale;Mycale (Mycale) lingua;3;3;2;2;3;2;2;3;1
Annelida;Polychaeta;Phyllodocida;Syllidae;Myrianida;Myrianida prolifera;1;0;1;0;1;2;2;;
Mollusca;Bivalvia;Lucinida;Lucinidae;Myrtea;Myrtea spinifera;2;0;1;0;3;2;2;;1
Arthropoda;Malacostraca;Mysida;;;Mysida;0;2;3;0;1;2;2;;
Arthropoda;Malacostraca;Mysida;Mysidae;Mysis;Mysis;0;2;3;0;1;2;2;;
Mollusca;Bivalvia;Mytiloida;Mytilidae;;Mytilidae;3;0;2;3;3;2;2;;
Mollusca;Bivalvia;Mytiloida;Mytilidae;Mytilus;Mytilus;3;0;2;3;3;2;2;;
Mollusca;Bivalvia;Mytiloida;Mytilidae;Mytilus;Mytilus edulis;3;0;2;3;3;2;2;4;
Mollusca;Bivalvia;Mytiloida;Mytilidae;Mytilus;Mytilus galloprovincialis;3;0;2;3;3;2;2;4;1
Porifera;Demospongiae;Poecilosclerida;Myxillidae;Myxilla;Myxilla;3;3;3;3;3;2;2;;
Mollusca;Gastropoda;Neogastropoda;Nassariidae;;Nassariidae;2;1;2;0;1;2;2;;
Arthropoda;Malacostraca;Isopoda;Cirolanidae;Natatolana;Natatolana borealis;1;1;2;0;0;2;2;;
Mollusca;Gastropoda;Littorinimorpha;Naticidae;Naticarius;Naticarius hebraeus;1;0;2;0;1;2;2;2;3
Annelida;Polychaeta;Phyllodocida;Nereididae;Neanthes;Neanthes nubila;1;0;1;2;1;2;2;;
Arthropoda;Malacostraca;Decapoda;Macropipidae;Necora;Necora puber;0;1;2;2;1;2;2;;
Nemertea;;;;;Nemertea;2;3;0;2;1;2;2;3;1
Cnidaria;Hydrozoa;Leptothecata;Plumulariidae;Nemertesia;Nemertesia;3;3;3;3;3;2;2;2;
Cnidaria;Hydrozoa;Leptothecata;Plumulariidae;Nemertesia;Nemertesia antennina;3;3;3;3;3;2;2;1;
Cnidaria;Hydrozoa;Leptothecata;Plumulariidae;Nemertesia;Nemertesia ramosa;3;3;3;3;3;2;2;1;
Mollusca;Solenogastres;Neomeniamorpha;Neomeniidae;Neomenia;Neomenia carinata;2;2;0;0;1;2;2;1;
Echinodermata;Holothuroidea;Dendrochirotida;Phyllophoridae;Neopentadactyla;Neopentadactyla mixta;2;2;1;3;3;2;2;3;1
Mollusca;Bivalvia;Ostreoida;Gryphaeidae;Neopycnodonte;Neopycnodonte cochlear;3;1;2;2;3;4;2;;
Mollusca;Cephalopoda;Sepiolida;Sepiolidae;Neorossia;Neorossia caroli;0;2;2;0;1;2;2;;
Arthropoda;Malacostraca;Decapoda;Nephropidae;Nephrops;Nephrops norvegicus;2;1;0;3;1;2;4;;
Annelida;Polychaeta;Phyllodocida;Nephtyidae;Nephtys;Nephtys;2;0;1;2;1;2;2;;
Annelida;Polychaeta;Phyllodocida;Nephtyidae;Nephtys;Nephtys caeca;2;0;1;2;1;2;2;3;1
Annelida;Polychaeta;Phyllodocida;Nepthyidae;Nephtys;Nephtys incisa;1;0;1;2;1;2;2;;
Annelida;Polychaeta;Phyllodocida;Nephtyidae;Nephtys;Nephtys kersivalensis;2;0;1;2;1;2;2;3;1
Annelida;Polychaeta;Phyllodocida;Nephtyidae;Nephtys;Nephtys longosetosa;2;0;1;2;1;2;2;;
Arthropoda;Malacostraca;Decapoda;Pinnotheridae;Nepinnotheres;Nepinnotheres pinnotheres;2;3;3;0;0;2;2;3;1
Annelida;Polychaeta;Phyllodocida;Nephtyidae;Nephtys;Nephtys assimilis;1;0;1;2;1;2;2;;
Mollusca;Gastropoda;Neogastropoda;Buccinidae;Neptunea;Neptunea antiqua;1;0;2;2;1;2;2;3;1
Annelida;Polychaeta;Phyllodocida;Nereididae;Nereis;Nereis;2;0;0;2;1;2;2;;
Annelida;Polychaeta;Terebellida;Terebellidae;Nicolea;Nicolea venustula;2;0;1;2;1;2;2;3;1
Annelida;Polychaeta;;Lumbrineridae;Ninoe;Ninoe armoricana;1;0;2;3;1;2;2;;
Annelida;Polychaeta;;Capitellidae;Notomastus;Notomastus latericeus;2;0;0;3;1;2;2;;
Mollusca;Gastropoda;Neogastropoda;Muricidae;Nucella;Nucella lapillus;1;0;2;0;1;2;2;2;1
Mollusca;Bivalvia;Nuculida;Nuculidae;Nucula;Nucula;2;1;1;0;1;2;2;;
Mollusca;Bivalvia;Nuculida;Nuculidae;Nucula;Nucula hanleyi;2;1;1;0;1;2;2;3;
Mollusca;Bivalvia;Nuculida;Nuculidae;Nucula;Nucula nucleus;2;1;1;0;1;2;2;;
Mollusca;Bivalvia;Nuculida;Nuculidae;Nucula;Nucula sulcata;2;1;1;0;1;2;2;3;1
Mollusca;Gastropoda;Nudibranchia;;;Nudibranchia;1;2;2;2;1;2;2;3;1
Echinodermata;Asteroidea;Valvatida;Goniasteridae;Nymphaster;Nymphaster arenatus;1;2;1;3;1;2;2;3;
Arthropoda;Pycnogonida;Pantopoda;Nymphonidae;Nymphon;Nymphon brevirostre;1;2;2;0;1;2;2;;
Arthropoda;Pycnogonida;Pantopoda;Nymphonidae;Nymphon;Nymphon gracile;1;2;2;0;1;2;2;2;3
Cnidaria;Hydrozoa;Leptothecata;Campanulariidae;Obelia;Obelia;3;3;3;3;3;2;2;2;3
Cnidaria;Hydrozoa;Leptothecata;Campanulariidae;Obelia;Obelia dichotoma;3;3;3;3;3;2;2;1;
Mollusca;Gastropoda;Neogastropoda;Muricidae;Ocenebra;Ocenebra erinaceus;1;0;2;0;1;2;2;;
Mollusca;Gastropoda;Neogastropoda;Muricidae;Ocinebrina;Ocinebrina aciculata;1;0;2;0;1;2;2;3;3
Echinodermata;Holothuroidea;Dendrochirotida;Cucumariidae;Ocnus;Ocnus lacteus;2;2;2;0;1;2;2;;
Echinodermata;Holothuroidea;Dendrochirotida;Cucumariidae;Ocnus;Ocnus planci;2;2;2;3;1;2;2;;
Mollusca;Cephalopoda;Octopoda;Octopodidae;Octopus;Octopus;0;2;2;3;1;2;2;3;
Mollusca;Cephalopoda;Octopoda;Octopodidae;Octopus;Octopus salutii;0;2;2;3;1;2;2;;
Mollusca;Cephalopoda;Octopoda;Octopodidae;Octopus;Octopus vulgaris;0;2;2;3;1;2;2;;
Annelida;Polychaeta;Phyllodocida;Syllidae;Odontosyllis;Odontosyllis fulgurans;1;0;1;0;1;2;2;;
Echinodermata;Holothuroidea;Apodida;Synaptidae;Oestergrenia;Oestergrenia digitata;2;2;1;3;1;2;2;;
Mollusca;Gastropoda;Nudibranchia;Goniodorididae;Okenia;Okenia elegans;1;2;2;0;1;2;2;;
Mollusca;Gastropoda;Nudibranchia;Onchidorididae;Onchidoris;Onchidoris bilamellata;1;2;2;0;1;2;2;3;
Mollusca;Gastropoda;Nudibranchia;Onchidorididae;Onchidoris;Onchidoris muricata;1;2;2;0;1;2;2;3;
Mollusca;Cephalopoda;Oegopsida;Onychoteuthidae;Onychoteuthis;Onychoteuthis banksii;0;2;3;3;1;2;2;3;
Annelida;Polychaeta;;Opheliidae;Ophelia;Ophelia borealis;2;0;0;0;1;2;2;;
Annelida;Polychaeta;;Opheliidae;Ophelina;Ophelina acuminata;2;0;1;2;1;2;2;3;1
Echinodermata;Ophiuroidea;Ophiacanthida;Ophiacanthidae;Ophiacantha;Ophiacantha setosa;2;3;1;2;3;2;2;;
Echinodermata;Ophiuroidea;Amphilepida;Ophiactidae;Ophiactis;Ophiactis balli;1;0;2;2;1;2;2;;
Echinodermata;Ophiuroidea;Ophiurida;Ophiocomidae;Ophiocomina;Ophiocomina nigra;1;3;2;2;3;2;2;;
Echinodermata;Ophiuroidea;Ophiurida;Ophiuridae;Ophiocten;Ophiocten affinis;1;3;2;0;1;2;2;;
Echinodermata;Ophiuroidea;Ophiurida;Ophiactidae;Ophiopholis;Ophiopholis aculeata;1;1;2;2;1;2;2;3;
Echinodermata;Ophiuroidea;Ophiurida;Ophiocomidae;Ophiopsila;Ophiopsila annulosa;1;1;2;2;1;2;2;;
Echinodermata;Ophiuroidea;Ophiurida;Ophiocomidae;Ophiopsila;Ophiopsila aranea;1;1;2;2;1;2;2;;
Echinodermata;Ophiuroidea;Ophiurida;Ophiotrichidae;Ophiothrix;Ophiothrix;1;3;2;2;3;2;2;;
Echinodermata;Ophiuroidea;Ophiurida;Ophiotrichidae;Ophiothrix;Ophiothrix fragilis;1;3;2;2;3;2;2;3;1
Echinodermata;Ophiuroidea;Ophiurida;Ophiotrichidae;Ophiothrix;Ophiothrix luetkeni;1;3;2;2;3;2;2;3;1
Echinodermata;Ophiuroidea;Ophiurida;Ophiotrichidae;Ophiothrix;Ophiothrix quinquemaculata;1;3;2;2;3;2;2;3;1
Echinodermata;Ophiuroidea;Ophiurida;Ophiotrichidae;;Ophiotrichidae;1;3;2;2;3;2;2;3;1
Echinodermata;Ophiuroidea;Ophiurida;Ophiuridae;Ophiura;Ophiura;1;3;2;2;1;2;2;3;1
Echinodermata;Ophiuroidea;Ophiurida;Ophiuridae;Ophiura;Ophiura albida;1;3;2;2;1;2;2;3;1
Echinodermata;Ophiuroidea;Ophiurida;Ophiuridae;Ophiura;Ophiura ophiura;1;3;2;2;1;2;2;3;1
Echinodermata;Ophiuroidea;Ophiurida;Ophiuridae;Ophiura;Ophiura robusta;1;3;2;0;1;2;2;3;1
Echinodermata;Ophiuroidea;Ophiurida;Ophiuridae;Ophiura;Ophiura sarsii;1;3;2;2;1;2;2;3;1
Echinodermata;Ophiuroidea;Ophiurida;Ophiuridae;;Ophiuridae;1;3;2;2;1;2;2;3;1
Echinodermata;Ophiuroidea;;;;Ophiuroidea;1;3;2;2;1;2;2;3;
Arthropoda;Malacostraca;Decapoda;Oplophoridae;;Oplophoridae;0;2;3;0;1;2;2;3;
Annelida;Polychaeta;;Orbiniidae;Orbinia;Orbinia latreillii;1;0;1;3;1;2;2;;
Mollusca;Bivalvia;Ostreoida;Ostreidae;Ostrea;Ostrea edulis;3;1;2;3;3;2;4;2;1
Arthropoda;Malacostraca;Amphipoda;Maeridae;Othomaera;Othomaera othonis;1;2;1;0;1;2;2;4;1
Echinodermata;Echinoidea;Spatangoida;Schizasteridae;Ova;Ova canaliferus;2;3;1;2;1;2;2;;3
Annelida;Polychaeta;Sabellida;Oweniidae;Owenia;Owenia fusiformis;2;0;0;0;1;2;2;;
Annelida;Polychaeta;Sabellida;Oweniidae;;Oweniidae;2;1;2;0;1;2;2;3;1
Porifera;Demospongiae;Astrophorida;Geodiidae;Pachymatisma;Pachymatisma;3;3;3;3;3;2;2;3;
Porifera;Demospongiae;Astrophorida;Geodiidae;Pachymatisma;Pachymatisma johnstonia;3;3;3;3;3;2;2;;
Arthropoda;Malacostraca;Decapoda;Diogenidae;Paguristes;Paguristes eremita;1;1;2;0;0;2;2;;
Arthropoda;Malacostraca;Decapoda;;;Paguroidea;1;1;2;0;0;2;2;;
Arthropoda;Malacostraca;Decapoda;Paguridae;Pagurus;Pagurus;1;0;2;0;0;2;2;;
Arthropoda;Malacostraca;Decapoda;Paguridae;Pagurus;Pagurus alatus;1;0;2;0;0;2;2;3;1
Arthropoda;Malacostraca;Decapoda;Paguridae;Pagurus;Pagurus bernhardus;1;0;2;0;0;2;2;3;1
Arthropoda;Malacostraca;Decapoda;Paguridae;Pagurus;Pagurus carneus;1;0;2;0;0;2;2;3;1
Arthropoda;Malacostraca;Decapoda;Paguridae;Pagurus;Pagurus cuanensis;1;0;2;0;0;2;2;3;1
Arthropoda;Malacostraca;Decapoda;Paguridae;Pagurus;Pagurus excavatus;1;0;2;0;0;2;2;3;1
Arthropoda;Malacostraca;Decapoda;Paguridae;Pagurus;Pagurus forbesii;1;0;2;0;0;2;2;3;1
Arthropoda;Malacostraca;Decapoda;Paguridae;Pagurus;Pagurus prideaux;1;0;2;0;0;2;2;3;1
Arthropoda;Malacostraca;Decapoda;Paguridae;Pagurus;Pagurus pubescens;1;0;2;0;0;2;2;3;1
Arthropoda;Malacostraca;Decapoda;Palaemonidae;Palaemon;Palaemon;0;2;3;2;0;2;2;3;1
Arthropoda;Malacostraca;Decapoda;Palaemonidae;Palaemon;Palaemon adspersus;0;2;3;2;0;2;2;;
Arthropoda;Malacostraca;Decapoda;Palaemonidae;Palaemon;Palaemon elegans;0;2;3;2;0;2;2;;
Arthropoda;Malacostraca;Decapoda;Palaemonidae;Palaemon;Palaemon longirostris;0;2;3;2;0;2;2;;
Arthropoda;Malacostraca;Decapoda;Palaemonidae;Palaemon;Palaemon serratus;0;2;3;2;0;2;2;;
Arthropoda;Malacostraca;Decapoda;Palicidae;Palicus;Palicus caronii;1;1;2;0;1;2;2;;
Arthropoda;Malacostraca;Decapoda;Palinuridae;Palinurus;Palinurus elephas;1;2;2;3;0;2;2;;
Arthropoda;Malacostraca;Decapoda;Palinuridae;Palinurus;Palinurus mauritanicus;1;2;2;3;0;2;2;4;
Mollusca;Bivalvia;Pectinoida;Pectinidae;Palliolum;Palliolum incomparabile;3;1;2;0;3;2;2;4;
Mollusca;Bivalvia;Pectinoida;Pectinidae;Palliolum;Palliolum tigerinum;3;1;2;0;3;2;2;;
Arthropoda;Malacostraca;Decapoda;Pandalidae;;Pandalidae;1;2;3;3;1;2;2;3;1
Arthropoda;Malacostraca;Decapoda;Pandalidae;Pandalina;Pandalina brevirostris;0;2;2;0;1;2;2;2;
Arthropoda;Malacostraca;Decapoda;Pandalidae;Pandalus;Pandalus;0;2;3;0;1;2;2;2;1
Arthropoda;Malacostraca;Decapoda;Pandalidae;Pandalus;Pandalus borealis;0;2;3;0;1;2;2;;
Arthropoda;Malacostraca;Decapoda;Pandalidae;Pandalus;Pandalus montagui;0;2;3;0;1;2;2;;
Mollusca;Bivalvia;;Pandoridae;pandora;Pandora pinna;2;3;1;0;3;2;2;2;1
Mollusca;Bivalvia;[unassigned] Euheterodonta;Hiatellidae;Panomya;Panomya norvegica;2;0;0;2;3;2;2;;
Annelida;Polychaeta;Phyllodocida;Acoetidae;Panthalis;Panthalis oerstedi;1;0;2;3;1;2;2;;
Echinodermata;Echinoidea;Camarodonta;Parechinidae;Paracentrotus;Paracentrotus lividus;1;3;2;0;1;2;2;4;1
Cnidaria;Anthozoa;Alcyonacea;Paralcyoniidae;Paralcyonium;Paralcyonium spinulosum;3;2;3;2;1;4;2;;
Arthropoda;Malacostraca;Decapoda;Parapaguridae;Parapagurus;Parapagurus pilosimanus;1;2;2;0;0;2;2;;
Arthropoda;Malacostraca;Decapoda;Penaeidae;Parapenaeus;Parapenaeus longirostris;1;2;3;3;1;2;2;;
Cnidaria;Anthozoa;Actiniaria;Hormathiidae;Paraphellia;Paraphellia expansa;3;2;2;2;1;2;2;;
Echinodermata;Holothuroidea;Aspidochirotida;Stichopodidae;Parastichopus;Parastichopus regalis;2;2;2;3;3;2;2;;
Echinodermata;Holothuroidea;Aspidochirotida;Stichopodidae;Parastichopus;Parastichopus tremulus;2;2;0;3;3;2;2;3;
Arthropoda;Malacostraca;Decapoda;Homolidae;Paromola;Paromola cuvieri;1;2;2;3;1;2;2;3;
Arthropoda;Malacostraca;Decapoda;Parthenopidae;Parthenope;Parthenope expansa;1;1;2;0;1;2;2;;
Arthropoda;Malacostraca;Decapoda;Parthenopidae;;Parthenopidae;1;2;2;3;1;2;2;;
Arthropoda;Malacostraca;Decapoda;Parthenopidae;Parthenopoides;Parthenopoides massena;1;1;2;0;1;2;2;;
Mollusca;Bivalvia;Cardiida;Cardiidae;Parvicardium;Parvicardium minimum;2;3;2;0;3;2;2;;
Mollusca;Bivalvia;Cardiida;Cardiidae;Parvicardium;Parvicardium pinnulatum;2;0;2;0;3;2;2;;
Mollusca;Bivalvia;Cardiida;Cardiidae;Parvicardium;Parvicardium scabrum;2;0;1;1;3;2;2;;
Arthropoda;Malacostraca;Decapoda;Pasiphaeidae;Pasiphaea;Pasiphaea multidentata;0;2;3;2;1;2;2;;
Arthropoda;Malacostraca;Decapoda;Pasiphaeidae;Pasiphaea;Pasiphaea sivado;0;2;3;2;1;2;2;2;
Arthropoda;Malacostraca;Decapoda;Pasiphaeidae;Pasiphaea;Pasiphaea tarda;0;2;3;3;1;2;2;2;
Annelida;Polychaeta;Eunicida;Eunicidae;Paucibranchia;Paucibranchia bellii;1;0;1;2;1;2;2;2;
Echinodermata;Holothuroidea;Dendrochirotida;Cucumariidae;Pawsonia;Pawsonia saxicola;1;2;2;3;3;2;2;;
Cnidaria;Anthozoa;Actiniaria;Haloclavidae;Peachia;Peachia cylindrica;3;2;2;3;1;2;2;;
Mollusca;Bivalvia;Pectinoida;Pectinidae;Pecten;Pecten jacobaeus;0;1;2;2;3;2;2;;
Mollusca;Bivalvia;Pectinoida;Pectinidae;Pecten;Pecten maximus;0;1;1;3;3;2;2;4;1
Mollusca;Bivalvia;Pectinoida;Pectinidae;;Pectinidae;0;1;2;2;3;2;2;4;1
Cnidaria;Scyphozoa;Semaeostomeae;Pelagiidae;Pelagia;Pelagia noctiluca;1;2;3;2;1;2;2;4;1
Annelida;Polychaeta;Phyllodocida;Sigalionidae;Pelogenia;Pelogenia arenosa;2;0;0;0;1;2;2;;
Echinodermata;Asteroidea;Valvatida;Goniasteridae;Peltaster;Peltaster placenta;1;1;2;3;1;2;2;3;1
Cnidaria;Anthozoa;Pennatulacea;Pennatulidae;Pennatula;Pennatula;2;2;3;3;3;4;4;;
Cnidaria;Anthozoa;Pennatulacea;Pennatulidae;Pennatula;Pennatula phosphorea;2;2;3;3;3;4;4;4;
Cnidaria;Anthozoa;Pennatulacea;Pennatulidae;Pennatula;Pennatula rubra;2;2;3;3;3;4;4;4;
Cnidaria;Anthozoa;Pennatulacea;Pennatulidae;;Pennatulidae;2;2;3;3;3;4;4;4;
Bryozoa;Gymnolaemata;Cheilostomatida;Bitectiporidae;Pentapora;Pentapora fascialis;3;3;3;3;3;4;2;4;
Arthropoda;Maxillopoda;Sessilia;Balanidae;Perforatus;Perforatus perforatus;3;2;2;0;3;2;2;3;
Arthropoda;Malacostraca;Decapoda;Callianassidae;Pestarella;Pestarella tyrrhena;2;2;0;2;1;2;2;;
Mollusca;Bivalvia;Veneroida;Veneridae;Petricolaria;Petricolaria pholadiformis;2;3;0;2;3;2;2;;1
Chordata;Ascidiacea;Phlebobranchia;Ascidiidae;Phallusia;Phallusia mammillata;3;1;2;3;3;2;2;3;1
Sipuncula;Sipunculidea;Golfingiida;Phascolionidae;Phascolion;Phascolion (Phascolion) strombus strombus;2;0;2;0;1;2;2;2;1
Mollusca;Bivalvia;[unassigned] Euheterodonta;Pharidae;Phaxas;Phaxas pellucidus;2;3;0;0;3;2;2;2;1
Mollusca;Gastropoda;Cephalaspidea;Philinidae;Philine;Philine aperta;1;2;2;0;1;2;2;4;1
Mollusca;Gastropoda;Cephalaspidea;Aglajidae;Philinopsis;Philinopsis depicta;1;2;2;0;1;2;2;3;1
Arthropoda;Malacostraca;Decapoda;Crangonidae;Philocheras;Philocheras echinulatus;1;2;2;0;1;2;2;;
Arthropoda;Malacostraca;Decapoda;Crangonidae;Philocheras;Philocheras sculptus;1;2;2;0;1;2;2;;
Arthropoda;Malacostraca;Decapoda;Crangonidae;Philocheras;Philocheras trispinosus;1;2;2;0;1;2;2;;
Arthropoda;Malacostraca;Amphipoda;Phronimidae;Phronima;Phronima;0;2;3;0;1;2;2;;
Arthropoda;Malacostraca;Amphipoda;Phronimidae;Phronima;Phronima sedentaria;0;2;3;0;1;2;2;;
Annelida;Polychaeta;Phyllodocida;Phyllodocidae;Phyllodoce;Phyllodoce groenlandica;1;0;1;3;1;2;2;;
Annelida;Polychaeta;Phyllodocida;Phyllodocidae;Phyllodoce;Phyllodoce lineata;1;0;1;3;1;2;2;;
Annelida;Polychaeta;Phyllodocida;Phyllodocidae;;Phyllodocidae;1;0;1;3;1;2;2;3;1
Echinodermata;Holothuroidea;Dendrochirotida;Phyllophoridae;;Phyllophoridae;2;2;2;2;1;2;2;3;1
Arthropoda;Malacostraca;Decapoda;Pilumnidae;Pilumnus;Pilumnus;1;2;2;0;1;2;2;;
Arthropoda;Malacostraca;Decapoda;Pilumnidae;Pilumnus;Pilumnus hirtellus;1;2;2;0;1;2;2;3;1
Arthropoda;Malacostraca;Decapoda;Pilumnidae;Pilumnus;Pilumnus spinifer;1;2;2;0;1;2;2;2;1
Arthropoda;Malacostraca;Decapoda;Pinnotheridae;Pinnotheres;Pinnotheres pisum;2;2;3;0;3;2;2;2;1
Arthropoda;Malacostraca;Decapoda;Pirimelidae;Pirimela;Pirimela denticulata;1;2;2;0;1;2;2;;
Arthropoda;Malacostraca;Decapoda;Pisidae;Pisa;Pisa;1;2;2;2;1;2;2;;
Arthropoda;Malacostraca;Decapoda;Pisidae;Pisa;Pisa armata;1;2;2;2;1;2;2;;
Arthropoda;Malacostraca;Decapoda;Pisidae;Pisa;Pisa nodipes;1;2;2;0;1;2;2;3;1
Arthropoda;Malacostraca;Decapoda;Pisidae;Pisa;Pisa tetraodon;1;2;2;2;1;2;2;3;
Arthropoda;Malacostraca;Decapoda;Porcellanidae;Pisidia;Pisidia longicornis;1;2;2;0;3;2;2;3;
Annelida;Polychaeta;Terebellida;Terebellidae;Pista;Pista cretacea;2;0;1;2;1;2;2;3;1
Annelida;Polychaeta;Terebellida;Terebellidae;Pista;Pista cristata;2;0;1;3;1;2;2;3;1
Annelida;Polychaeta;Terebellida;Terebellidae;Pista;Pista maculata;2;0;1;2;1;2;2;;
;Polychaeta;Terebellida;Terebellidae;Pista;Pista mediterranea;2;0;1;2;1;2;2;;
Mollusca;Bivalvia;Venerida;Veneridae;Pitar;Pitar rudis;2;0;1;0;3;2;2;;
Bryozoa;Stenolaemata;Cyclostomatida;Plagioeciidae;Plagioecia;Plagioecia patina;3;3;2;0;3;2;2;3;1
Arthropoda;Malacostraca;Decapoda;Grapsidae;Planes;Planes minutus;0;2;3;0;1;2;2;;
Platyhelminthes;;;;;Platyhelminthes;2;3;1;0;1;2;2;;
Annelida;Polychaeta;Phyllodocida;Nereididae;Platynereis;Platynereis dumerilii;1;0;1;0;1;2;2;;
Arthropoda;Malacostraca;Decapoda;Pandalidae;Plesionika;Plesionika;1;2;3;2;1;2;2;2;1
Arthropoda;Malacostraca;Decapoda;Pandalidae;Plesionika;Plesionika acanthonotus;1;2;3;2;1;2;2;3;
Arthropoda;Malacostraca;Decapoda;Pandalidae;Plesionika;Plesionika antigai;1;2;3;3;1;2;2;3;
Arthropoda;Malacostraca;Decapoda;Pandalidae;Plesionika;Plesionika edwardsii;1;2;3;3;1;2;2;3;
Arthropoda;Malacostraca;Decapoda;Pandalidae;Plesionika;Plesionika gigliolii;1;2;3;2;1;2;2;3;
Arthropoda;Malacostraca;Decapoda;Pandalidae;Plesionika;Plesionika heterocarpus;1;2;3;2;1;2;2;3;
Arthropoda;Malacostraca;Decapoda;Pandalidae;Plesionika;Plesionika martia;1;2;3;3;1;2;2;3;
Arthropoda;Malacostraca;Decapoda;Pandalidae;Plesionika;Plesionika narval;1;2;3;3;1;2;2;3;
Mollusca;Gastropoda;Pleurobranchomorpha;Pleurobranchidae;Pleurobranchaea;Pleurobranchaea meckeli;2;2;2;2;1;2;2;3;
Mollusca;Gastropoda;Pleurobranchomorpha;Pleurobranchidae;;Pleurobranchidae;1;2;2;2;1;2;2;;
Mollusca;Gastropoda;Pleurobranchomorpha;;;Pleurobranchomorpha;1;2;2;2;1;2;2;;
Mollusca;Gastropoda;Pleurobranchomorpha;Pleurobranchidae;Pleurobranchus;Pleurobranchus membranaceus;1;2;2;0;1;2;2;;
Cnidaria;Hydrozoa;Leptothecata;Plumulariidae;;Plumulariidae;3;2;3;2;3;2;2;;
Echinodermata;Asteroidea;Paxillosida;Astropectinidae;Plutonaster;Plutonaster bifrons;1;2;2;3;1;2;2;;
Mollusca;Bivalvia;Pectinida;Anomiidae;Pododesmus;Pododesmus patelliformis;3;3;2;0;3;2;2;;
Annelida;Polychaeta;Spionida;Poecilochaetidae;Poecilochaetus;Poecilochaetus serpens;1;0;1;1;1;2;2;;
Mollusca;Bivalvia;Veneroida;Veneridae;Polititapes;Polititapes rhomboides;2;1;0;2;3;2;2;;
Chordata;Ascidiacea;Stolidobranchia;Styelidae;Polyandrocarpa;Polyandrocarpa;3;2;2;2;3;2;2;;
Arthropoda;Malacostraca;Decapoda;Polybiidae;Polybius;Polybius henslowii;0;2;2;2;1;2;2;3;
Chordata;Ascidiacea;Stolidobranchia;Styelidae;Polycarpa;Polycarpa fibrosa;2;2;1;0;3;2;2;;
Chordata;Ascidiacea;Stolidobranchia;Styelidae;Polycarpa;Polycarpa pomaria;3;2;2;2;3;2;2;3;
Annelida;Polychaeta;;;;Polychaeta;2;2;2;2;1;2;2;3;
Arthropoda;Malacostraca;Decapoda;Polychelidae;Polycheles;Polycheles typhlops;1;2;1;2;1;2;2;3;
Porifera;Demospongiae;Hadromerida;Polymastiidae;Polymastia;Polymastia;3;3;3;3;3;2;2;;
Porifera;Demospongiae;Hadromerida;Polymastiidae;Polymastia;Polymastia boletiformis;3;3;3;3;3;2;2;;
Porifera;Demospongiae;Hadromerida;Polymastiidae;Polymastia;Polymastia mamillaris;3;3;3;3;3;2;2;;
Porifera;Demospongiae;Polymastida;Polysmatiidae;Polymastia;Polymastia penicillus;3;3;3;3;3;2;2;;
Annelida;Polychaeta;Phyllodocida;Polynoidae;;Polynoidae;2;0;2;0;1;2;2;;
Arthropoda;Malacostraca;Decapoda;Crangonidae;Pontophilus;Pontophilus;1;2;2;2;1;2;2;3;
Arthropoda;Malacostraca;Decapoda;Crangonidae;Pontophilus;Pontophilus spinosus;1;2;2;2;1;2;2;;
Echinodermata;Asteroidea;Valvatida;Poraniidae;Porania;Porania (Porania) pulvillus;1;2;2;2;1;2;2;;
Arthropoda;Malacostraca;Decapoda;Porcellanidae;Porcellana;Porcellana platycheles;1;0;2;0;1;2;2;;
Bryozoa;Gymnolaemata;Cheilostomatida;Bryocryptellidae;Porella;Porella compressa;3;3;3;3;3;2;2;;
Porifera;;;;;Porifera;3;3;3;2;3;2;2;2;
Arthropoda;Malacostraca;Decapoda;Carcinidae;Portumnus;Portumnus latipes;2;1;0;0;1;2;2;3;
Annelida;Polychaeta;;Maldanidae;Praxillella;Praxillella praetermissa;2;0;1;3;1;2;2;;
Cephalorhyncha;Priapulida;;Priapulidae;;Priapulidae;2;2;2;0;1;2;2;3;1
Annelida;Polychaeta;Spionida;Spionidae;Prionospio;Prionospio cirrifera;1;0;1;2;3;2;2;;
Arthropoda;Malacostraca;Decapoda;Processidae;Processa;Processa;1;2;2;2;1;2;2;;
Arthropoda;Malacostraca;Decapoda;Processidae;Processa;Processa canaliculata;1;2;2;2;1;2;2;2;1
Arthropoda;Malacostraca;Decapoda;Processidae;Processa;Processa edulis;1;2;2;2;1;2;2;2;1
Arthropoda;Malacostraca;Decapoda;Processidae;Processa;Processa edulis crassipes;1;2;2;2;1;2;2;2;1
Arthropoda;Malacostraca;Decapoda;Processidae;Processa;Processa edulis edulis;1;2;2;2;1;2;2;2;1
Arthropoda;Malacostraca;Decapoda;Processidae;Processa;Processa elegantula;1;2;2;2;1;2;2;2;1
Arthropoda;Malacostraca;Decapoda;Processidae;Processa;Processa modica;1;2;2;2;1;2;2;2;1
Arthropoda;Malacostraca;Decapoda;Processidae;Processa;Processa nouveli;1;2;2;2;1;2;2;2;1
Mollusca;Gastropoda;;;;Prosobranchia;1;0;2;2;1;2;2;2;1
Annelida;Polychaeta;Sabellida;Serpulidae;Protula;Protula;2;0;2;0;3;2;2;;
Annelida;Polychaeta;Sabellida;Sepulidae;Protula;Protula tubularia;3;0;2;3;3;2;2;;
Echinodermata;Echinoidea;Camarodonta;Parechinidae;Psammechinus;Psammechinus microtuberculatus;1;3;2;0;1;2;2;;3
Echinodermata;Echinoidea;Camarodonta;Parechinidae;Psammechinus;Psammechinus miliaris;1;1;2;2;1;2;2;3;
Mollusca;Bivalvia;Pectinoida;Pectinidae;Pseudamussium;Pseudamussium clavatum;3;3;2;0;3;2;2;3;3
Mollusca;Bivalvia;Pectinoida;Pectinidae;Pseudamussium;Pseudamussium peslutrae;3;3;2;0;3;2;2;;
Chordata;Ascidiacea;Aplousobranchia;Pseudodistomidae;Pseudodistoma;Pseudodistoma;3;2;2;2;3;2;2;;
Chordata;Ascidiacea;Aplousobranchia;Pseudodistomidae;Pseudodistoma;Pseudodistoma valeriae;3;2;2;2;3;2;2;;
Annelida;Polychaeta;Sabellida;Sabellidae;Pseudopotamilla;Pseudopotamilla reniformis;2;0;1;2;3;2;2;;
Arthropoda;Malacostraca;Amphipoda;Caprellidae;Pseudoprotella;Pseudoprotella phasma;1;2;2;0;1;2;2;3;1
Mollusca;Gastropoda;Littorinimorpha;Ovulidae;Pseudosimnia;Pseudosimnia adriatica;1;0;2;0;1;2;2;1;3
Mollusca;Gastropoda;Littorinimorpha;Ovulidae;Pseudosimnia;Pseudosimnia carnea;1;0;2;0;1;2;2;;
Echinodermata;Holothuroidea;Dendrochirotida;Psolidae;Psolus;Psolus phantapus;2;2;2;2;3;2;2;;
Echinodermata;Asteroidea;Velatida;Pterasteridae;Pteraster;Pteraster militaris;1;2;2;2;1;2;2;3;
Echinodermata;Asteroidea;Velatida;Pterasteridae;Pteraster;Pteraster pulvillus;1;2;2;0;1;2;2;;
Mollusca;Bivalvia;Pterioida;Pteriidae;Pteria;Pteria hirundo;3;3;2;2;3;2;2;;
Mollusca;Cephalopoda;Octopoda;Octopodidae;Pteroctopus;Pteroctopus tetracirrhus;0;2;2;3;1;2;2;;
Cnidaria;Anthozoa;Pennatulacea;Pennatulidae;Pteroeides;Pteroeides;2;2;0;3;3;4;2;;
Cnidaria;Anthozoa;Pennatulacea;Pennatulidae;Pteroeides;Pteroeides griseum;2;2;0;3;3;4;2;;
Cnidaria;Anthozoa;Pennatulacea;Pennatulidae;Pteroeides;Pteroeides spinosum;2;2;0;3;3;4;2;;
Mollusca;Scaphopoda;Gadilida;Pulsellidae;Pulsellum;Pulsellum affine;2;0;1;0;1;2;2;;
Arthropoda;Pycnogonida;Pantopoda;Pycnogonidae;Pycnogonum;Pycnogonum litorale;1;3;2;0;1;2;2;;1
Chordata;Ascidiacea;Stolidobranchia;Pyuridae;Pyura;Pyura;3;2;3;0;3;2;2;3;3
Chordata;Ascidiacea;Stolidobranchia;Pyuridae;Pyura;Pyura microcosmus;3;2;3;0;3;2;2;4;
Chordata;Ascidiacea;Stolidobranchia;Pyuridae;Pyura;Pyura tessellata;3;2;3;0;3;2;2;4;
Chordata;Ascidiacea;Stolidobranchia;Pyuridae;;Pyuridae;3;1;3;0;3;2;2;;
Mollusca;Gastropoda;Littorinimorpha;Ranellidae;Ranella;Ranella olearium;1;0;2;3;1;2;2;4;
Mollusca;Gastropoda;Neogastropoda;Raphitomidae;Raphitoma;Raphitoma linearis;2;0;2;0;1;2;2;;
Mollusca;Gastropoda;Neogastropoda;Raphitomidae;Raphitoma;Raphitoma purpurea;2;0;2;0;1;2;2;;
Porifera;Demospongiae;Poecilosclerida;Raspailiidae;Raspaciona;Raspaciona aculeata;3;3;3;3;3;2;2;;
Porifera;Demospongiae;Poecilosclerida;Raspailiidae;Raspailia;Raspailia;3;3;3;3;3;2;2;;
Porifera;Demospongiae;Poecilosclerida;Raspailiidae;Raspailia;Raspailia (Clathriodendron) hispida;3;3;3;3;3;2;2;;
Porifera;Demospongiae;Poecilosclerida;Raspailiidae;Raspailia;Raspailia (Raspailia) ramosa;3;3;3;3;3;2;2;;
Bryozoa;Gymnolaemata;Cheilostomatida;Adeonidae;Reptadeonella;Reptadeonella violacea;3;2;2;0;3;2;2;;
Bryozoa;Gymnolaemata;Cheilostomatida;Phidoloporidae;Reteporella;Reteporella;3;3;2;3;3;2;2;2;
Bryozoa;Gymnolaemata;Cheilostomatida;Phidoloporidae;Reteporella;Reteporella beaniana;3;3;2;0;3;2;2;;
Chordata;Ascidiacea;Aplousobranchia;Diazonidae;Diazona;Rhopalaea neapolitana;3;1;3;3;3;2;2;;
Arthropoda;Malacostraca;Stomatopoda;Squillidae;Rissoides;Rissoides;1;2;0;2;1;2;2;;
Arthropoda;Malacostraca;Stomatopoda;Squillidae;Rissoides;Rissoides desmaresti;1;2;0;2;1;2;2;;3
Arthropoda;Malacostraca;Stomatopoda;Squillidae;Rissoides;Rissoides pallidus;1;2;0;2;1;2;2;;3
Mollusca;Cephalopoda;Sepiolida;Sepiolidae;Rondeletiola;Rondeletiola minor;0;2;2;0;1;2;2;;3
Mollusca;Cephalopoda;Sepiolida;Sepiolidae;Rossia;Rossia macrosoma;0;2;3;2;1;2;2;;
Mollusca;Gastropoda;Nudibranchia;Discodorididae;Rostanga;Rostanga rubra;1;2;2;0;1;2;2;;
Annelida;Polychaeta;Sabellida;Sabellidae;Sabella;Sabella pavonina;2;1;2;0;3;2;2;;
Annelida;Polychaeta;Sabellida;Sabellidae;Sabella;Sabella spallanzanii;2;1;2;0;3;2;2;2;1
Annelida;Polychaeta;Sabellida;Sabellariidae;Sabellaria;Sabellaria;2;3;2;0;3;2;2;2;1
Annelida;Polychaeta;Sabellida;Sabellariidae;Sabellaria;Sabellaria alveolata;2;3;2;0;3;2;2;3;1
Annelida;Polychaeta;Sabellida;Sabellariidae;Sabellaria;Sabellaria spinulosa;2;3;2;0;3;2;4;3;1
Annelida;Polychaeta;Sabellida;Sabellidae;;Sabellidae;3;1;3;2;3;2;2;3;1
Mollusca;Bivalvia;Nuculanida;Nuculanidae;Saccella;Saccella commutata;2;3;1;0;3;2;2;2;1
Cnidaria;Anthozoa;Actiniaria;Sagartiidae;Sagartia;Sagartia;3;2;2;0;1;2;2;;
Cnidaria;Anthozoa;Actiniaria;Sagartiidae;Sagartia;Sagartia elegans;3;2;2;0;1;2;2;4;
Cnidaria;Anthozoa;Actiniaria;Sagartiidae;Sagartia;Sagartia troglodytes;3;2;2;0;1;2;2;;1
Cnidaria;Anthozoa;Actiniaria;Sagartiidae;Sagartiogeton;Sagartiogeton undatus;3;2;2;0;1;2;2;4;
Annelida;Polychaeta;Sabellida;Serpulidae;Salmacina;Salmacina dysteri;2;1;2;0;3;2;2;;
Chordata;Thaliacea;Salpida;Salpidae;Salpa;Salpa;1;3;3;2;3;2;2;;
Chordata;Thaliacea;Salpida;Salpidae;Salpa;Salpa fusiformis;1;3;3;2;3;2;2;;
Chordata;Thaliacea;Salpida;Salpidae;Salpa;Salpa maxima;1;3;3;2;3;2;2;;
Mollusca;Cephalopoda;Octopoda;Octopodidae;Scaeurgus;Scaeurgus unicirrhus;0;2;2;2;1;2;2;;
Annelida;Polychaeta;;Scalibregmatidae;Scalibregma;Scalibregma celticum;2;2;1;0;1;2;2;;
Annelida;Polychaeta;;Scalibregmatidae;Scalibregma;Scalibregma inflatum;2;2;1;0;1;2;2;;
Arthropoda;Maxillopoda;Scalpelliformes;Scalpellidae;Scalpellum;Scalpellum scalpellum;3;3;2;0;3;2;2;2;1
Mollusca;Gastropoda;Cephalaspidea;Scaphandridae;Scaphander;Scaphander lignarius;2;1;0;0;1;2;2;2;
Arthropoda;Malacostraca;Mysida;Mysidae;Schistomysis;Schistomysis spiritus;0;2;1;0;1;2;2;3;
Annelida;Polychaeta;Eunicida;Lumbrineridae;Scoletoma;Scoletoma fragilis;1;0;1;2;1;2;2;1;3
Annelida;Polychaeta;Eunicida;Lumbrineridae;Scoletoma;Scoletoma impatiens;1;0;1;0;1;2;2;3;1
Annelida;Polychaeta;Eunicida;Lumbrineridae;Scoletoma;Scoletoma magnidentata;1;0;1;3;1;2;2;3;
Arthropoda;Malacostraca;Decapoda;Scyllaridae;Scyllarus;Scyllarus arctus;1;2;2;3;1;2;2;;1
Bryozoa;Gymnolaemata;Cheilostomatida;Flustridae;Securiflustra;Securiflustra securifrons;3;3;3;3;3;2;2;;
Mollusca;Gastropoda;Littorinimorpha;Cassidae;Semicassis;Semicassis saburon;1;0;2;2;1;2;2;;
Mollusca;Cephalopoda;Sepiida;Sepiidae;Sepia;Sepia;0;2;3;2;1;2;2;;
Mollusca;Cephalopoda;Sepiida;Sepiidae;Sepia;Sepia elegans;0;2;3;2;1;2;2;;
Mollusca;Cephalopoda;Sepiida;Sepiidae;Sepia;Sepia officinalis;0;2;3;3;1;2;2;;
Mollusca;Cephalopoda;Sepiida;Sepiidae;Sepia;Sepia orbignyana;0;2;3;3;1;2;2;;
Mollusca;Cephalopoda;Sepiolida;Sepiolidae;Sepietta;Sepietta;0;2;3;0;1;2;2;;
Mollusca;Cephalopoda;Sepiolida;Sepiolidae;Sepietta;Sepietta neglecta;0;2;3;0;1;2;2;;
Mollusca;Cephalopoda;Sepiolida;Sepiolidae;Sepietta;Sepietta obscura;0;2;3;0;1;2;2;;
Mollusca;Cephalopoda;Sepiolida;Sepiolidae;Sepietta;Sepietta oweniana;0;2;3;2;1;2;2;;
Mollusca;Cephalopoda;Sepiolida;Sepiolidae;Sepiola;Sepiola;0;2;3;0;1;2;2;;
Mollusca;Cephalopoda;Sepiolida;Sepiolidae;Sepiola;Sepiola atlantica;0;2;3;0;1;2;2;;
Mollusca;Cephalopoda;Sepiolida;Sepiolidae;Sepiola;Sepiola aurantiaca;0;2;3;0;1;2;2;;
Mollusca;Cephalopoda;Sepiolida;Sepiolidae;Sepiola;Sepiola intermedia;0;2;2;0;1;2;2;;
Mollusca;Cephalopoda;Sepiolida;Sepiolidae;Sepiola;Sepiola ligulata;0;2;2;0;1;2;2;;
Mollusca;Cephalopoda;Sepiolida;Sepiolidae;Sepiola;Sepiola robusta;0;2;2;0;1;2;2;;
Mollusca;Cephalopoda;Sepiolida;Sepiolidae;Sepiola;Sepiola rondeletii;0;2;2;0;1;2;2;;
Mollusca;Cephalopoda;Sepiolida;Sepiolidae;Sepiola;Sepiola tridens;0;2;3;0;1;2;2;;
Mollusca;Cephalopoda;Sepiolida;Sepiolidae;;Sepiolidae;0;2;3;0;1;2;2;;
Arthropoda;Malacostraca;Decapoda;Sergestidae;Sergestes;Sergestes;0;2;3;2;1;2;2;;
Arthropoda;Malacostraca;Decapoda;Sergestidae;Sergestes;Sergestes arachnipodus;0;2;3;2;1;2;2;;
Arthropoda;Malacostraca;Decapoda;Sergestidae;;Sergestidae;0;2;3;2;1;2;2;;
Arthropoda;Malacostraca;Decapoda;Sergestidae;Sergia;Sergia robusta;0;2;3;2;1;2;2;;
Annelida;Polychaeta;Sabellida;Serpulidae;Serpula;Serpula vermicularis;2;0;2;2;3;2;2;;
Annelida;Polychaeta;Sabellida;Serpulidae;;Serpulidae;3;1;3;0;3;2;2;2;1
Cnidaria;Hydrozoa;Leptothecata;Sertulariidae;Sertularella;Sertularella;3;2;3;0;1;2;2;2;
Cnidaria;Hydrozoa;Leptothecata;Sertulariidae;Sertularella;Sertularella gayi;3;2;3;0;1;2;2;3;
Cnidaria;Hydrozoa;Leptothecata;Sertulariidae;Sertularia;Sertularia;3;3;3;3;3;2;2;3;
Cnidaria;Hydrozoa;Leptothecata;Sertulariidae;Sertularia;Sertularia argentea;3;3;3;3;3;2;2;3;
Cnidaria;Hydrozoa;Leptothecata;Sertulariidae;Sertularia;Sertularia cupressina;3;3;3;3;3;2;2;;3
Cnidaria;Hydrozoa;Leptothecata;Sertulariidae;;Sertulariidae;3;3;3;3;3;2;2;3;
Mollusca;Gastropoda;Littorinimorpha;Ovulidae;Simnia;Simnia patula;1;3;2;0;1;2;2;3;
Sipuncula;;;;;Sipuncula;2;2;0;0;1;2;2;;
Sipuncula;Sipunculidea;Golfingiida;Sipunculidae;;Sipunculidae;2;2;0;0;1;2;2;2;
Sipuncula;Sipunculidea;Golfingiida;Sipunculidae;Sipunculus;Sipunculus;2;2;0;3;1;2;2;2;
Sipuncula;Sipunculidea;Golfingiida;Sipunculidae;Sipunculus;Sipunculus (Sipunculus) nudus;2;2;0;3;1;2;2;2;
;Bryozoa;Cheilostomatida;Smittinidae;Smittina;Smittina cervicornis;3;3;3;3;3;2;2;2;
Chordata;Thaliacea;Salpida;Salpidae;Soestia;Soestia zonaria;1;3;3;2;3;2;2;;
Echinodermata;Asteroidea;Velatida;Solasteridae;Solaster;Solaster endeca;1;2;2;3;1;2;2;;
Mollusca;Bivalvia;Veneroida;Solecurtidae;Solecurtus;Solecurtus;2;0;0;2;3;2;2;;
Mollusca;Bivalvia;Veneroida;Solecurtidae;Solecurtus;Solecurtus scopula;2;0;0;2;3;2;2;;
Arthropoda;Malacostraca;Decapoda;Solenoceridae;Solenocera;Solenocera membranacea;2;2;1;2;1;2;2;2;1
Echinodermata;Echinoidea;Spatangoida;;;Spatangoida;2;3;0;3;1;2;2;2;
Echinodermata;Echinoidea;Spatangoida;Spatangidae;Spatangus;Spatangus;2;3;0;3;1;2;2;3;
Echinodermata;Echinoidea;Spatangoida;Spatangidae;Spatangus;Spatangus purpureus;2;3;2;3;1;2;2;3;
Echinodermata;Echinoidea;Camarodonta;Toxopneustidae;Sphaerechinus;Sphaerechinus granularis;2;2;2;3;1;2;2;3;1
Annelida;Polychaeta;Phyllodocida;Sphaerodoridae;Sphaerodorum;Sphaerodorum gracilis;1;2;2;0;1;2;2;;
Mollusca;Bivalvia;Myida;Myidae;Sphenia;Sphenia binghami;3;3;2;0;3;2;2;2;3
Annelida;Polychaeta;Spionida;Spionidae;Spio;Spio;1;0;1;0;3;2;2;;
Annelida;Polychaeta;Spionida;Spionidae;Spio;Spio martinensis;1;0;1;0;3;2;2;;
Annelida;Polychaeta;Sabellida;Serpulidae;Spirobranchus;Spirobranchus;3;0;2;0;3;2;2;2;1
Annelida;Polychaeta;Sabellida;Serpulidae;Spirobranchus;Spirobranchus lamarckii;3;0;2;0;3;2;2;1;1
Annelida;Polychaeta;Sabellida;Serpulidae;Spirobranchus;Spirobranchus triqueter;2;1;2;0;3;2;2;1;1
Mollusca;Bivalvia;Veneroida;Mactridae;Spisula;Spisula;2;1;2;0;3;2;2;;
Mollusca;Bivalvia;Veneroida;Mactridae;Spisula;Spisula elliptica;2;1;0;0;3;2;2;4;
Mollusca;Bivalvia;Veneroida;Mactridae;Spisula;Spisula solida;2;1;0;0;3;2;2;4;1
Mollusca;Bivalvia;Veneroida;Mactridae;Spisula;Spisula subtruncata;2;1;0;0;3;2;2;4;1
Arthropoda;Malacostraca;Stomatopoda;Squillidae;Squilla;Squilla mantis;1;2;1;3;1;2;2;4;1
Porifera;Demospongiae;Hadromerida;Stelligeridae;Stelligera;Stelligera;3;3;3;3;3;2;2;2;
Porifera;Demospongiae;Hadromerida;Stelligeridae;Stelligera;Stelligera stuposa;3;3;3;3;3;2;2;;
Arthropoda;Malacostraca;Amphipoda;Pleustidae;Stenopleustes;Stenopleustes nodifera;1;2;2;0;1;2;2;;
Mollusca;Polyplacophora;Chitonida;Ischnochitonidae;Stenosemus;Stenosemus albus;1;2;2;0;1;2;2;;
Annelida;Polychaeta;Terebellida;Sternaspidae;Sternaspis;Sternaspis scutata;2;0;1;0;1;2;2;3;1
Mollusca;Gastropoda;;Trochidae;Steromphala;Steromphala cineraria;1;1;2;0;1;2;2;3;
Mollusca;Gastropoda;;Trochidae;Steromphala;Steromphala pennanti;1;0;2;0;1;2;2;3;1
Mollusca;Gastropoda;;Trochidae;Steromphala;Steromphala umbilicalis;1;1;2;0;1;2;2;3;1
Annelida;Polychaeta;Phyllodocida;Sigalionidae;Sthenelais;Sthenelais;2;0;2;0;1;2;2;3;1
Annelida;Polychaeta;Phyllodocida;Sigalionidae;Sthenelais;Sthenelais boa;2;0;2;0;1;2;2;3;1
Annelida;Polychaeta;Phyllodocida;Sigalionidae;Sthenelais;Sthenelais limicola;2;0;2;0;1;2;2;3;1
Echinodermata;Asteroidea;Forcipulatida;Asteriidae;Stichastrella;Stichastrella rosea;1;2;2;3;1;2;2;3;1
Mollusca;Cephalopoda;Sepiolida;Sepiolidae;Stoloteuthis;Stoloteuthis leucoptera;0;2;2;0;1;2;2;;
Cnidaria;Anthozoa;Actiniaria;Actinostolidae;Stomphia;Stomphia coccinea;3;2;3;3;1;2;2;;
Annelida;Polychaeta;Terebellida;Terebellidae;Streblosoma;Streblosoma bairdi;2;0;2;2;3;2;2;;
Mollusca;Bivalvia;Arcida;Neotiidae;Striarca;Striarca lactea;3;0;2;0;3;2;2;2;1
Echinodermata;Echinoidea;Camarodonta;Strongylocentrotidae;Strongylocentrotus;Strongylocentrotus droebachiensis;1;2;2;2;1;2;2;;
Chordata;Ascidiacea;Stolidobranchia;Styelidae;Styela;Styela;3;2;3;3;3;2;2;;
Chordata;Ascidiacea;Stolidobranchia;Styelidae;Styela;Styela clava;3;3;3;2;3;2;2;2;
Cnidaria;Hydrozoa;Anthoathecata;Stylasteridae;;Stylasteridae;3;3;3;2;3;2;2;2;
Porifera;Demospongiae;Hadromerida;Suberitidae;Suberites;Suberites;3;3;2;2;3;4;2;;
Porifera;Demospongiae;Hadromerida;Suberitidae;Suberites;Suberites carnosus;3;3;2;2;3;4;2;;
Porifera;Demospongiae;Hadromerida;Suberitidae;Suberites;Suberites domuncula;3;3;2;2;3;4;2;;
Porifera;Demospongiae;Hadromerida;Suberitidae;Suberites;Suberites ficus;3;3;2;2;3;4;2;;
Porifera;Demospongiae;Hadromerida;Suberitidae;Suberites;Suberites pagurorum;3;3;2;2;3;4;2;;
Porifera;Calcarea;Leucosolenida;Sycettidae;Sycon;Sycon ciliatum;3;3;2;0;3;2;2;;
Annelida;Polychaeta;Phyllodocida;Syllidae;Syllis;Syllis gerlachi;1;0;1;0;1;2;2;;
Echinodermata;Holothuroidea;Apodida;Synaptidae;;Synaptidae;2;2;1;3;1;2;2;2;1
Arthropoda;Malacostraca;Decapoda;Oplophoridae;Systellaspis;Systellaspis debilis;0;2;3;0;1;2;2;3;
Mollusca;Bivalvia;Pectinida;Pectinidae;Talochlamys;Talochlamys pusio;3;0;2;0;3;2;2;;
Cnidaria;Hydrozoa;Leptothecata;Sertulariidae;Tamarisca;Tamarisca tamarisca;3;3;3;3;3;2;2;;
Mollusca;Bivalvia;Veneroida;Tellinidae;Tellina;Tellina tenuis;2;3;0;0;1;2;2;;
Annelida;Polychaeta;Terebellida;Terebellidae;;Terebellidae;2;0;2;0;3;2;2;3;
Annelida;Polychaeta;Terebellida;Trichobranchidae;Terebellides;Terebellides stroemii;2;0;1;2;1;2;2;3;
Mollusca;Bivalvia;Myoida;Teredinidae;Teredo;Teredo navalis;2;3;0;0;3;2;2;;
Mollusca;Gastropoda;Neogastropoda;Raphitomidae;Teretia;Teretia teres;1;0;2;0;1;2;2;3;1
Bryozoa;Stenolaemata;Cyclostomatida;Terviidae;Tervia;Tervia irregularis;3;3;3;0;3;2;2;;
Porifera;Demospongiae;Hadromerida;Tethyidae;Tethya;Tethya aurantium;3;3;3;2;3;4;2;;
Porifera;Demospongiae;Hadromerida;Tethyidae;Tethya;Tethya citrina;3;3;3;2;3;4;2;;
Echinodermata;Asteroidea;Valvatida;Goniasteridae;Tethyaster;Tethyaster subinermis;1;1;2;2;1;2;2;;
Mollusca;Gastropoda;Nudibranchia;Tethydidae;Tethys;Tethys fimbria;1;2;2;3;1;2;2;;
Annelida;Polychaeta;Terebellida;Terebellidae;Thelepus;Thelepus;2;0;2;3;3;2;2;;
Annelida;Polychaeta;Terebellida;Terebellidae;Thelepus;Thelepus cincinnatus;2;0;2;3;3;2;2;1;3
Annelida;Polychaeta;Terebellida;Terebellidae;Thelepus;Thelepus setosus;2;0;2;3;3;2;2;1;3
Arthropoda;Malacostraca;Decapoda;Thiidae;Thia;Thia scutellata;2;2;1;0;1;2;2;;
Mollusca;Bivalvia;Anomalodesmata;Thraciidae;Thracia;Thracia convexa;2;3;1;2;3;2;2;4;1
Mollusca;Bivalvia;;Thraciidae;Thracia;Thracia phaseolina;2;3;1;0;3;2;2;4;
Mollusca;Bivalvia;Anomalodesmata;Thraciidae;Thracia;Thracia pubescens;2;3;0;2;3;2;2;;3
Mollusca;Bivalvia;;Thraciidae;Thracia;Thracia villosiuscula;2;3;1;0;3;2;2;4;
Cnidaria;Hydrozoa;Leptothecata;Sertulariidae;Thuiaria;Thuiaria thuja;3;3;3;3;3;2;2;;3
Mollusca;Bivalvia;Lucinida;Thyasiridae;Thyasira;Thyasira flexuosa;2;3;1;0;3;2;2;;
Echinodermata;Holothuroidea;Dendrochirotida;Phyllophoridae;Thyone;Thyone;2;2;0;0;3;2;2;;
Echinodermata;Holothuroidea;Dendrochirotida;Phyllophoridae;Thyone;Thyone fusus;2;2;0;0;3;2;2;4;1
Echinodermata;Holothuroidea;Dendrochirotida;Phyllophoridae;Thyone;Thyone inermis;1;2;0;0;1;2;2;4;1
Mollusca;Bivalvia;Veneroida;Veneridae;Timoclea;Timoclea ovata;2;1;0;0;3;2;2;4;1
Mollusca;Cephalopoda;Oegopsida;Ommastrephidae;Todarodes;Todarodes sagittatus;0;2;3;3;1;2;2;2;1
Mollusca;Cephalopoda;Oegopsida;Ommastrephidae;Todaropsis;Todaropsis eblanae;0;2;3;3;1;2;2;;
Mollusca;Gastropoda;Neogastropoda;Nassariidae;Tritia;Tritia incrassata;1;0;2;0;0;2;2;;
Mollusca;Gastropoda;Neogastropoda;Nassariidae;Tritia;Tritia reticulata;1;0;2;0;0;2;2;;
Mollusca;Gastropoda;Neogastropoda;Nassariidae;Tritia;Tritia reticulatus;1;0;2;0;0;2;2;;
Mollusca;Gastropoda;Nudibranchia;Tritoniidae;Tritonia;Tritonia;1;2;2;3;1;2;2;4;1
Mollusca;Gastropoda;Nudibranchia;Tritoniidae;Tritonia;Tritonia hombergii;1;2;2;3;1;2;2;;
Mollusca;Gastropoda;Littorinimorpha;Triviidae;Trivia;Trivia arctica;1;1;2;0;1;2;2;2;1
Mollusca;Gastropoda;Littorinimorpha;Triviidae;Trivia;Trivia monacha;1;0;2;0;1;2;2;;1
Mollusca;Gastropoda;Neogastropoda;Muricidae;Trophonopsis;Trophonopsis barvicensis;1;0;2;0;1;2;2;;1
Annelida;Polychaeta;Phyllodocida;Syllidae;Trypanosyllis;Trypanosyllis zebra;1;0;1;0;1;2;2;;
Nemertea;Palaeonemertea;;Tubulanidae;Tubulanus;Tubulanus;1;2;0;3;1;2;2;2;1
Cnidaria;Hydrozoa;Anthoathecata;Tubulariidae;Tubularia;Tubularia;3;3;3;2;3;2;2;2;1
Cnidaria;Hydrozoa;Anthoathecata;Tubulariidae;Tubularia;Tubularia indivisa;3;3;3;2;3;2;2;3;
Bryozoa;Gymnolaemata;Cheilostomatida;Celleporidae;Turbicellepora;Turbicellepora avicularis;3;2;2;0;3;2;2;3;
Mollusca;Gastropoda;;Pyramidellidae;Turbonilla;Turbonilla jeffreysii;2;0;2;0;1;2;2;;
Mollusca;Gastropoda;[unassigned] Caenogastropoda;Turritellidae;Turritella;Turritella;2;0;2;0;1;2;2;;
Mollusca;Gastropoda;[unassigned] Caenogastropoda;Turritellidae;Turritella;Turritella communis;2;0;2;0;1;2;2;3;
Arthropoda;Malacostraca;Decapoda;Palaemonidae;Typton;Typton spongicola;1;2;2;0;1;2;2;3;1
Arthropoda;Malacostraca;Decapoda;Upogebiidae;Upogebia;Upogebia;2;2;0;3;1;2;2;;
Arthropoda;Malacostraca;Decapoda;Upogebiidae;Upogebia;Upogebia deltaura;2;2;0;3;1;2;2;3;
Arthropoda;Malacostraca;Decapoda;Upogebiidae;Upogebia;Upogebia stellata;2;2;0;3;1;2;2;3;1
Mollusca;Gastropoda;Neogastropoda;Muricidae;Urosalpinx;Urosalpinx cinerea;1;0;2;0;1;2;2;3;
Cnidaria;Anthozoa;Actiniaria;Actiniidae;Urticina;Urticina;3;2;3;3;1;2;2;;
Cnidaria;Anthozoa;Actiniaria;Actiniidae;Urticina;Urticina crassicornis;3;2;3;3;1;2;2;4;
Cnidaria;Anthozoa;Actiniaria;Actiniidae;Urticina;Urticina eques;3;2;3;3;1;2;2;4;
Cnidaria;Anthozoa;Actiniaria;Actiniidae;Urticina;Urticina felina;3;2;3;3;1;2;2;4;
Mollusca;Gastropoda;Littorinimorpha;Velutinidae;Velutina;Velutina velutina;1;3;2;0;1;2;2;4;
Mollusca;Bivalvia;Veneroida;Veneridae;Venerupis;Venerupis corrugata;2;1;0;2;3;2;2;;1
Mollusca;Bivalvia;Veneroida;Veneridae;Venus;Venus;2;1;0;2;3;2;2;;
Mollusca;Bivalvia;Veneroida;Veneridae;Venus;Venus casina;2;1;0;2;3;2;2;4;
Mollusca;Bivalvia;Veneroida;Veneridae;Venus;Venus verrucosa;2;0;1;2;3;2;2;3;1
Cnidaria;Anthozoa;Pennatulacea;Veretillidae;;Veretillidae;2;2;3;3;3;4;2;;
Cnidaria;Anthozoa;Pennatulacea;Veretillidae;Veretillum;Veretillum;2;2;3;3;3;4;2;;
Cnidaria;Anthozoa;Pennatulacea;Veretillidae;Veretillum;Veretillum cynomorium;2;2;3;3;3;4;2;;
Arthropoda;Maxillopoda;Sessilia;Verrucidae;Verruca;Verruca stroemia;3;3;2;0;3;2;2;;
Bryozoa;Gymnolaemata;Ctenostomatida;Vesiculariidae;Vesicularia;Vesicularia spinosa;3;3;3;3;3;2;2;;
Bryozoa;Gymnolaemata;Ctenostomatida;Vesiculariidae;;Vesiculariidae;3;3;3;3;3;2;2;2;
Cnidaria;Anthozoa;Pennatulacea;Virgulariidae;Virgularia;Virgularia mirabilis;2;2;3;3;3;4;4;2;
Arthropoda;Malacostraca;Decapoda;Xanthidae;Xantho;Xantho hydrophilus;1;1;2;2;1;2;2;4;
Arthropoda;Malacostraca;Decapoda;Xanthidae;Xantho;Xantho pilipes;1;1;2;0;1;2;2;;
Mollusca;Bivalvia;Myoida;Pholadidae;Xylophaga;Xylophaga dorsalis;2;3;0;0;3;2;2;;
Mollusca;Bivalvia;Myoida;Pholadidae;Zirfaea;Zirfaea crispata;2;1;0;2;3;2;2;;
Cnidaria;Hydrozoa;Leptothecata;Schizotrichidae;Schizotricha;Schizotricha frutescens;3;3;3;0;3;2;2;;
